id,loc_nucleoplasm,loc_nuclear_membrane,loc_nucleoli,loc_nucleoli_fibrillar_center,loc_nuclear_speckles,loc_nuclear_bodies,loc_endoplasmic_reticulum,loc_golgi_apparatus,loc_vesicles,loc_plasma_membrane,loc_cytosol,loc_mitochondria,loc_microtubules,loc_centrosome,loc_actin_filaments,loc_intermediate_filaments
2ef8cac0b312a6e9,0.6429379,0.45581144,0.37571457,0.39837962,0.40282568,0.47590008,0.3143662,0.27503145,0.2997799,0.32475683,0.45145062,0.29990268,0.38143453,0.42273787,0.38237715,0.42749473
7c795923aab72fed,0.76695,0.36296847,0.26179639,0.32388186,0.5978723,0.50837845,0.22532834,0.28068292,0.33663356,0.26123002,0.33971992,0.23034135,0.36669883,0.38499448,0.35489598,0.39771283
bb7ec81466b9ecb3,0.7825311,0.34434915,0.21344689,0.29268542,0.3286346,0.37096724,0.28798416,0.29953673,0.5048541,0.35704625,0.5755675,0.22312658,0.24899873,0.37948278,0.30072355,0.35077256
4c7aac6b84340a62,0.63914907,0.42889947,0.34106112,0.39563957,0.37896547,0.4709282,0.28938067,0.29335,0.36364448,0.38658276,0.4187773,0.29055673,0.39176515,0.45809013,0.38680005,0.39734536
3a591118c38a881e,0.6681071,0.5384424,0.2572018,0.33109552,0.38224012,0.4039296,0.3195225,0.3261467,0.438717,0.40246186,0.50473934,0.28971127,0.32124272,0.39100927,0.3418162,0.4115995
fc827de74fc3eb8d,0.39367977,0.32417166,0.24408574,0.3268753,0.321943,0.35317576,0.31155643,0.26996067,0.35147533,0.64086956,0.42722443,0.322188,0.48201826,0.32017916,0.72319895,0.45625174
f521c0992b127bf0,0.55989426,0.30368218,0.22157682,0.27308586,0.29143694,0.31616667,0.42804763,0.25572026,0.3331304,0.3929429,0.7588186,0.25304905,0.23549953,0.33986562,0.30275807,0.3257889
26ca7c2e7c30a039,0.34116536,0.273604,0.27434453,0.256233,0.3006975,0.30136982,0.43930078,0.2403725,0.32553604,0.5449623,0.76245844,0.26810792,0.30313876,0.33250076,0.32426304,0.31360903
c9880da74aefdc99,0.45422798,0.32490256,0.29194963,0.28169557,0.3529651,0.38908944,0.3138978,0.322671,0.39996904,0.7363764,0.6000805,0.27266932,0.27992478,0.4418221,0.40875658,0.3622411
81aeefa6bb04f92d,0.8268045,0.3690444,0.21692218,0.32247192,0.34249082,0.4949378,0.22097708,0.32368338,0.5934301,0.28405964,0.3643358,0.20716308,0.26856035,0.35052484,0.3001683,0.385161
38857109c8932c66,0.7977482,0.4368259,0.5554468,0.4825453,0.34930393,0.6050342,0.23963656,0.2405049,0.26492146,0.24690638,0.33802614,0.24546784,0.29380617,0.3891204,0.3148275,0.3320789
46f60892863ef49e,0.48942122,0.38149124,0.23141731,0.34301558,0.3791379,0.4187961,0.34823525,0.3647804,0.47331387,0.46758837,0.38637537,0.3053222,0.34681842,0.5235953,0.41259387,0.38571733
3ee376c37cdfc5c8,0.4874556,0.35039607,0.19873068,0.31638288,0.3263473,0.36524585,0.3573777,0.2996778,0.5574842,0.43977633,0.42834222,0.3046075,0.30407318,0.4339019,0.3446203,0.37716115
6e68173a48e318aa,0.46873587,0.39174122,0.304629,0.39323977,0.38430613,0.49088004,0.36923018,0.33138415,0.3656541,0.3618981,0.49323574,0.33992094,0.4454224,0.4812205,0.42855397,0.45695361
6639c6df5e4be81d,0.385798,0.28380778,0.29433155,0.28339624,0.31611782,0.33544827,0.43801317,0.28636882,0.25794992,0.37487313,0.7921278,0.26645425,0.26246607,0.36703798,0.33055744,0.34447482
ed4f07205f48e3a3,0.33887467,0.3083878,0.21737367,0.29134768,0.28741965,0.33639166,0.42179134,0.46213847,0.50833297,0.44590798,0.6107078,0.3056082,0.30049235,0.4428315,0.34723967,0.36384436
e7131db8702a9359,0.83493876,0.3723421,0.30789682,0.31576434,0.39615357,0.5634397,0.24347088,0.26832205,0.32462665,0.2661583,0.36013812,0.20457041,0.2769066,0.3803448,0.29813096,0.34313512
92459807788ceaec,0.3785739,0.31932214,0.26614168,0.30549294,0.3860266,0.3899987,0.34382895,0.27544376,0.45206657,0.753506,0.5704902,0.26783213,0.28379747,0.38430613,0.4702164,0.3618635
074d1428855cddcc,0.52285814,0.2833409,0.2127406,0.2845592,0.3035403,0.37959903,0.35374984,0.3903309,0.5244778,0.304684,0.62034476,0.35121322,0.27319506,0.39786613,0.28772488,0.35315025
206f769ea6d02cdd,0.6007487,0.34832245,0.33518457,0.30788735,0.32476258,0.45382133,0.32515496,0.36281908,0.31088495,0.28850266,0.62794226,0.3224787,0.29458308,0.45239994,0.3009086,0.34054756
1274ed8284c2e7ba,0.7442347,0.3699363,0.21614872,0.31293494,0.4465288,0.48323992,0.28744116,0.253838,0.3980823,0.33201215,0.61827666,0.23446846,0.24838416,0.38877684,0.30340496,0.3486767
5b15b495a30128ed,0.47843465,0.35543528,0.40108442,0.3908376,0.38860503,0.55941844,0.34445816,0.50497204,0.47576076,0.34664482,0.45209566,0.2639788,0.28325504,0.5006904,0.3396424,0.34313512
ef4ed29057193cd4,0.34735253,0.32545057,0.1913686,0.30416176,0.3067347,0.3539215,0.39957008,0.34061912,0.57657945,0.4623405,0.48635882,0.4389418,0.341156,0.37965518,0.35723165,0.38386205
94836ba462717fd5,0.8529559,0.35174718,0.24661398,0.32106122,0.37136593,0.5466324,0.26902357,0.21434659,0.25180617,0.24607292,0.5143112,0.21347852,0.28790656,0.33995318,0.29701877,0.3418899
b03b436d32080592,0.78131115,0.44026142,0.42695913,0.41203535,0.4323824,0.65335524,0.26393095,0.28165123,0.2640395,0.24073805,0.35083577,0.2598664,0.31936616,0.39272523,0.33828247,0.36440977
687d8a06b4106e76,0.40973336,0.31684685,0.21132971,0.28983074,0.3036291,0.28856862,0.36559182,0.29629767,0.40927127,0.43784577,0.6860037,0.2736395,0.33001137,0.47657824,0.4118968,0.35438496
c94896ea10073c54,0.8265029,0.35992298,0.29461217,0.35905543,0.43862337,0.5926746,0.2413232,0.27874926,0.33617628,0.25506148,0.3457347,0.21661864,0.29504928,0.398893,0.32736728,0.3478183
80e24cbc570d36eb,0.40204868,0.3636843,0.45682466,0.29669458,0.2790977,0.38362175,0.37968883,0.28026822,0.28814152,0.2304784,0.32666242,0.81603307,0.3287576,0.27416363,0.319597,0.38831028
537b8af2f39f6965,0.756836,0.3301021,0.29222953,0.31381947,0.312581,0.398518,0.26000017,0.3372373,0.4173465,0.41805592,0.47087383,0.3153801,0.31499088,0.38774583,0.33037528,0.3342011
97f346fbab2a3e9c,0.4268897,0.31657156,0.26934588,0.2846486,0.29963067,0.45068863,0.33927026,0.34667715,0.3807122,0.25184888,0.37822402,0.7397894,0.3008036,0.27649727,0.3091249,0.37790737
8fb983960f3001a0,0.6875072,0.3195054,0.27269816,0.30992526,0.33091986,0.41504923,0.2631599,0.25410667,0.34855953,0.6576792,0.48341742,0.22974366,0.32985464,0.35505483,0.41241968,0.3658223
45dd9bae914b563c,0.7641942,0.29181978,0.19816217,0.25225177,0.34930393,0.3954424,0.2730404,0.22125283,0.34274057,0.41520712,0.67999727,0.22517323,0.28077644,0.36200833,0.31785572,0.32772744
522356ce79bc7c30,0.8044256,0.38140273,0.29559502,0.3753412,0.35366184,0.5263187,0.22181639,0.34460428,0.53419113,0.26038712,0.32666242,0.22325855,0.30049235,0.40367985,0.3215197,0.36986303
5551d1d4b08689b1,0.38260743,0.3087564,0.21866484,0.29125848,0.2846486,0.3546667,0.37762672,0.38368815,0.6079803,0.3030857,0.5654231,0.37401125,0.3195225,0.38086182,0.2885632,0.37454593
37e6da8fc66e5ef6,0.7340637,0.40123317,0.78659,0.48833302,0.37948278,0.45208174,0.24009648,0.21595545,0.2521713,0.20919631,0.31626707,0.26356682,0.22945487,0.31311184,0.32334906,0.31644464
73c451b8f221c5c5,0.5021753,0.44471785,0.30675897,0.39735246,0.341616,0.3817946,0.39463064,0.40265268,0.49725392,0.39605635,0.3981801,0.34644383,0.4061121,0.4755823,0.3816685,0.42119622
9e12f0393741ed61,0.49007615,0.33837315,0.21795447,0.33408073,0.3527909,0.43896633,0.39399365,0.3137503,0.3222037,0.39667997,0.7140995,0.25918257,0.3126489,0.49130434,0.32078752,0.35238984
7d0f3ece713e0da3,0.6056879,0.32170275,0.19086744,0.27793232,0.3692894,0.35866612,0.31467855,0.25572026,0.3716949,0.6191197,0.71911037,0.19075048,0.2543803,0.41713738,0.3624314,0.33766654
f5c082f2a17396e0,0.3393838,0.30442107,0.21782534,0.277753,0.33030474,0.30243164,0.38651714,0.32050505,0.41845736,0.4756631,0.70588845,0.28143433,0.28907025,0.42561817,0.3984258,0.38645875
6999d4984796b6b6,0.82559806,0.3590263,0.3183441,0.35488072,0.5121691,0.602072,0.25468805,0.26017216,0.26742256,0.24018502,0.38511953,0.23340179,0.30391747,0.40658185,0.36886603,0.38757002
b50e6188abfb80bf,0.4025503,0.32069594,0.36719963,0.28786632,0.32026738,0.35130998,0.48592356,0.24156441,0.19573335,0.45222983,0.7453949,0.2470876,0.28744116,0.37654984,0.34443945,0.35438496
02aaed150144723d,0.36408886,0.34136355,0.2666863,0.32211933,0.3096595,0.35578394,0.48348233,0.34920022,0.47266185,0.29080188,0.6697831,0.3089032,0.29186454,0.36773092,0.29562756,0.37510678
df3c37874db025db,0.8126054,0.4695411,0.3040618,0.35244235,0.33627352,0.47607127,0.27257675,0.25356942,0.29753643,0.25212798,0.5063871,0.20204914,0.2707225,0.36027175,0.31096637,0.36591637
91987f8354614b45,0.38260743,0.28576735,0.19218361,0.2720076,0.27847025,0.34579194,0.40738982,0.46447197,0.6041599,0.36600578,0.5769231,0.35285765,0.27628773,0.3791379,0.27894676,0.34370947
852654c9b9221b31,0.5236704,0.37154055,0.28414577,0.3868863,0.37654984,0.42980134,0.3140539,0.36583805,0.46177107,0.42170474,0.41432637,0.29493597,0.4229136,0.5425768,0.4150316,0.4152293
3b931f9580fed2a3,0.467419,0.35597438,0.3069011,0.33364198,0.35488072,0.37675804,0.34430087,0.30024233,0.40895525,0.31212005,0.33864194,0.6958386,0.29194218,0.27056935,0.46480688,0.46726215
50f4a419013c5956,0.8262013,0.34190673,0.19620685,0.2691302,0.38705832,0.4740163,0.2863555,0.2403725,0.26293758,0.28127274,0.64494514,0.2470876,0.2693324,0.35122234,0.29172686,0.3464819
22c5e6679ca23398,0.81139463,0.34290212,0.29363036,0.31894377,0.340916,0.5231795,0.24761605,0.48333335,0.2745017,0.27394155,0.61173856,0.2870385,0.25476494,0.45859164,0.28380778,0.3389158
02b87867d26d7e5f,0.8595419,0.42353812,0.4045378,0.34458905,0.34546286,0.52664876,0.2464642,0.22619046,0.2139109,0.23970142,0.36635947,0.19856867,0.3264077,0.34930393,0.34723967,0.3492486
db0874d7bef4e4ec,0.37520975,0.32280046,0.24541552,0.31602943,0.27873918,0.41736993,0.37937152,0.26267734,0.42720664,0.21887444,0.40671486,0.8253871,0.29940313,0.2931312,0.2693754,0.36280715
45bfdb6bb3ae828a,0.8095777,0.4477968,0.50775224,0.411184,0.3698087,0.4774395,0.2599231,0.23799343,0.26381907,0.27635688,0.3852764,0.2523699,0.34272808,0.38396195,0.34244975,0.3647866
c3894740dab3e378,0.55361015,0.33683077,0.30505463,0.32529092,0.4369381,0.44002002,0.34902263,0.2475472,0.23124835,0.30803224,0.542913,0.3503173,0.592771,0.3606192,0.40543613,0.51120704
6711f397eaadcc38,0.8013917,0.3505763,0.28178957,0.29998636,0.500526,0.4984786,0.27365878,0.21956977,0.24393527,0.31519443,0.42994002,0.24600744,0.37398082,0.3588816,0.39455876,0.39513847
69b03f92f4ce83d2,0.40004167,0.32471988,0.31575733,0.27344513,0.32388186,0.32198715,0.3728719,0.34342176,0.44739246,0.6191197,0.62863404,0.2850736,0.25414953,0.36842376,0.40123317,0.35181928
b10e92baea8dd4eb,0.7065045,0.35543528,0.2490157,0.35922918,0.3456376,0.46593857,0.24869141,0.3451961,0.51547456,0.30206966,0.3729091,0.26219475,0.38079968,0.49805933,0.31758064,0.37790737
67436300c1ca94c8,0.750694,0.35965404,0.2908308,0.33285195,0.6435871,0.5368408,0.21388777,0.24136561,0.2581697,0.25422263,0.3830802,0.1921557,0.33440286,0.38877684,0.3362861,0.38200414
754f4bf2a4f99325,0.8107891,0.3523774,0.30207944,0.31205004,0.6057611,0.51737773,0.23488703,0.21505418,0.25538766,0.20153442,0.32880822,0.21139064,0.2831001,0.3286346,0.33683077,0.37734774
2ae373908be55d43,0.5666511,0.35471618,0.28887603,0.341091,0.341616,0.48562124,0.30968434,0.33342868,0.42370242,0.41126046,0.53656596,0.28367233,0.34335715,0.4878374,0.33891723,0.3605413
b39503b2395e1ae2,0.70184124,0.36126718,0.25760627,0.29945284,0.36599818,0.39734283,0.28837198,0.25222775,0.33130518,0.53388906,0.6231049,0.23460191,0.26169527,0.40879872,0.36699155,0.3264677
32cc32b1e7b02253,0.7825311,0.33746603,0.22410814,0.33320308,0.3121386,0.38014823,0.25661185,0.23004234,0.35624173,0.3606835,0.6697831,0.20398802,0.34272808,0.46643493,0.31069025,0.35096294
f2eadd1f12cc5d71,0.7463889,0.3289174,0.25666276,0.2949135,0.3296896,0.40086553,0.2626973,0.21705112,0.25027326,0.4728563,0.7037506,0.17385462,0.3518583,0.49394253,0.36278942,0.34160233
322734808e454f09,0.34141982,0.32919088,0.608422,0.34476385,0.3395154,0.44177458,0.49651894,0.22235495,0.2628641,0.33216062,0.7778009,0.27627757,0.2311373,0.41033235,0.31647986,0.3266616
12a9f5028ba3be1f,0.7556083,0.34036723,0.22021672,0.2480832,0.38482237,0.3954424,0.24462186,0.23469943,0.29663974,0.5610336,0.68954337,0.20230743,0.28015703,0.4048752,0.35093662,0.31664
2d866a96aa61303b,0.32629633,0.29051787,0.20564455,0.29393336,0.3351335,0.33761707,0.42660305,0.32007247,0.47429225,0.45466912,0.6414661,0.37660864,0.31155643,0.38068947,0.36690226,0.36723325
ee98286bb34f3945,0.43602228,0.2914479,0.22971527,0.27029955,0.2933986,0.34757116,0.33785656,0.304629,0.4580456,0.66748,0.5559915,0.28255275,0.28558013,0.34214094,0.36957958,0.34399652
5db3351a4a663c07,0.3987031,0.31243816,0.2851177,0.3451134,0.36461112,0.46524894,0.35201588,0.31274837,0.44016045,0.65580183,0.5037512,0.26769426,0.2741999,0.44417664,0.40018094,0.3314029
9182cf82f155f689,0.76450044,0.430453,0.3714478,0.4137372,0.33179826,0.5028499,0.26655358,0.2649175,0.28754655,0.30265015,0.55969256,0.22226964,0.42483813,0.5115146,0.3129898,0.3528652
314d098f1c810696,0.6545979,0.37971833,0.83633417,0.5200098,0.3639173,0.48034272,0.24040315,0.27297238,0.26139593,0.21805939,0.3320305,0.25754336,0.22983724,0.31461528,0.34732997,0.32219517
e296b5130d33ae85,0.8454587,0.447455,0.33459893,0.34965283,0.34668562,0.5789305,0.22364834,0.2948929,0.3418233,0.28291562,0.3275818,0.25223404,0.28589028,0.3825845,0.3056212,0.32083288
0ae19aa324a16f77,0.7229387,0.3727873,0.23364784,0.31576434,0.39306822,0.4600661,0.28341,0.36825994,0.47298786,0.2716724,0.5106762,0.4810307,0.2585367,0.3868863,0.29358536,0.36873662
84b04aa1caa70d45,0.44016683,0.36975792,0.30960628,0.362182,0.3263473,0.3628398,0.29551557,0.39842412,0.4538423,0.39839628,0.47884884,0.32422453,0.4258007,0.57724184,0.40140843,0.3829334
93eee2c5bbad2e18,0.76878625,0.38095957,0.3617647,0.3762046,0.43609512,0.579248,0.26717097,0.33386734,0.29067227,0.38133153,0.36200285,0.20995772,0.3256247,0.5297761,0.38944873,0.35732466
6087ded16b643dfc,0.41056785,0.32042122,0.21634202,0.2720975,0.2845592,0.38781554,0.32844418,0.38061374,0.4919831,0.30613866,0.34882495,0.77196956,0.2680972,0.2672402,0.31684685,0.37051967
bac07659e7e2b0f0,0.3995398,0.3238061,0.3343062,0.25776953,0.35383606,0.38124606,0.3900151,0.29335,0.29335544,0.55717385,0.7526425,0.20891698,0.31538135,0.40094563,0.35561493,0.3492486
ac72d919c5b7ef01,0.53048646,0.39825022,0.3914165,0.3817233,0.33495808,0.4106655,0.3140539,0.29139,0.4353532,0.342597,0.42036882,0.36959496,0.39733854,0.5242466,0.40456125,0.3980802
cc785ffa9c60c16f,0.3471831,0.3466077,0.2178899,0.29473528,0.290277,0.39906007,0.5153306,0.32934394,0.4451397,0.2742254,0.52292395,0.574575,0.34477276,0.37102002,0.3046981,0.40055707
26e24171782f5e78,0.8252964,0.33728454,0.19350173,0.27721485,0.52506053,0.5023462,0.24047978,0.24103448,0.308178,0.26672277,0.36900836,0.20327665,0.30485207,0.3294259,0.33155897,0.36346734
328bd720686b33d2,0.3971967,0.37154055,0.33973575,0.34441435,0.32951376,0.44702488,0.27025908,0.5838508,0.4754344,0.40968505,0.4005479,0.46003547,0.3204607,0.348606,0.43269464,0.4054054
516fedd20a8a20cf,0.40739608,0.35507575,0.27461925,0.42511013,0.32229564,0.39508012,0.2738134,0.3239729,0.5138115,0.3400548,0.39896902,0.3437705,0.49423447,0.69575375,0.40718448,0.38997453
afe5485fbbb3b019,0.68906766,0.3713623,0.2901322,0.3268753,0.37067395,0.4091414,0.29675913,0.3385592,0.47608727,0.32092342,0.58303255,0.2574069,0.28124106,0.4428315,0.32206866,0.38423333
9f68545929cca297,0.31111893,0.27829143,0.23456791,0.29500255,0.33320308,0.37170392,0.4661096,0.3758673,0.33160925,0.5318225,0.72484875,0.22994286,0.28395241,0.4217205,0.32736728,0.34638643
6d8b50047b0c0d9b,0.36392006,0.3615359,0.2364108,0.35818624,0.29980847,0.38435206,0.45139173,0.41592416,0.5958482,0.29339337,0.48734006,0.36368436,0.38365743,0.398893,0.3154702,0.4085062
75d9d6ce20a48145,0.31325382,0.30811137,0.24674726,0.2776633,0.33539665,0.34062922,0.3435144,0.3296351,0.36782047,0.614371,0.6414661,0.2831124,0.34390756,0.45306998,0.50283325,0.39752916
8923931dcbe1cf26,0.39501998,0.34118244,0.20481712,0.3098367,0.33741298,0.35829455,0.37968883,0.3565097,0.38757986,0.5477443,0.48963124,0.40261874,0.37112978,0.445521,0.48366955,0.42209792
e467ea07fcbda323,0.79197246,0.3845015,0.2872038,0.30229697,0.60024166,0.5185401,0.24224351,0.21165015,0.2529749,0.219622,0.3418773,0.21380521,0.2546111,0.3024746,0.31574562,0.3557134
7aa42f1101f5eb03,0.43618813,0.29989058,0.43244162,0.37326792,0.28250128,0.4039296,0.271495,0.5715858,0.52414364,0.26460737,0.45855474,0.3691391,0.30890453,0.33776352,0.2804438,0.35713518
194db83ff14ef256,0.8424558,0.38432458,0.24741387,0.27999383,0.3559251,0.44615114,0.271495,0.22073463,0.3056248,0.29859212,0.5583461,0.2172741,0.30625442,0.35157093,0.30728164,0.355903
eef108057327acc9,0.75775653,0.3813141,0.36659425,0.3724035,0.35366184,0.47384486,0.26501068,0.3186319,0.32053953,0.4499571,0.46632808,0.3283094,0.37905422,0.3882614,0.39033082,0.38014355
058b0fe1b57cffe0,0.8041222,0.46260455,0.3051965,0.3294259,0.37067395,0.47675547,0.28418493,0.23627906,0.32114455,0.3049748,0.43586084,0.2414297,0.28697583,0.32308885,0.31243816,0.33477932
20da6fb33f29e3e2,0.8583452,0.40561098,0.29111037,0.3132003,0.3798276,0.48664063,0.2505356,0.22514874,0.2899276,0.2162275,0.3197781,0.2227969,0.27891845,0.33329087,0.2947924,0.33120972
c3879a06255ce9fb,0.44976667,0.32535923,0.23456791,0.27155823,0.3071781,0.37464663,0.28015703,0.52494407,0.58894646,0.3526646,0.48276424,0.3051792,0.32484183,0.413567,0.3183141,0.3701445
caae6326e51f2289,0.6893797,0.38290846,0.2680492,0.32652333,0.35853395,0.42679217,0.32515496,0.21043304,0.2688953,0.40716824,0.61965525,0.22954449,0.30968434,0.36556485,0.32873517,0.35096294
a4b0545780999d36,0.5603773,0.42128515,0.34697363,0.348606,0.3673845,0.40464956,0.34729064,0.336357,0.39196232,0.33721933,0.52491575,0.3142257,0.3819107,0.44736838,0.37385526,0.41794494
2cf6f4627b1bd656,0.3458278,0.29822358,0.21634202,0.29562604,0.3319739,0.340159,0.448648,0.40816098,0.42752552,0.43479466,0.7230542,0.25863585,0.27265406,0.44686472,0.32161123,0.34313512
224bf3068b53f7c9,0.4253934,0.3449818,0.31647515,0.2938443,0.35130945,0.3599659,0.37413934,0.34032455,0.26977944,0.5099668,0.765374,0.19889043,0.3430426,0.43828645,0.32964656,0.3540052
c40c156809b65c0f,0.5831749,0.31703034,0.20621783,0.26850036,0.348606,0.33893564,0.3126489,0.2684585,0.36395353,0.573385,0.7374458,0.19561352,0.24554293,0.4178169,0.36565155,0.3369934
24854313d931f772,0.8421554,0.41711852,0.27379543,0.32652333,0.36235556,0.58020025,0.26038533,0.32745337,0.29097024,0.22336675,0.34449965,0.29521912,0.3123368,0.36530474,0.29794562,0.34533536
8b8b23e12efd5abc,0.5767657,0.35579467,0.2178899,0.33425617,0.3762046,0.4517336,0.34666106,0.32585657,0.42784443,0.41457486,0.38716054,0.31005165,0.3320497,0.47574836,0.3713623,0.3910828
af0975e7f56e4657,0.64640784,0.33374223,0.3156138,0.29428983,0.3389899,0.35578394,0.30742338,0.22860412,0.32917777,0.4488221,0.68565,0.23700641,0.24162993,0.36712465,0.3655621,0.3678912
18116b7ad8f4f61c,0.46280688,0.33646768,0.25195962,0.30185276,0.3155876,0.31339148,0.37176323,0.31964007,0.445944,0.4182144,0.6638142,0.2789224,0.2939615,0.4195149,0.34624654,0.35438496
d37098137f934208,0.45406288,0.35345724,0.24010786,0.36409077,0.31205004,0.34109926,0.30500785,0.2753063,0.3087792,0.6334602,0.58643293,0.24022146,0.6061527,0.4492145,0.6003718,0.4392887
61ca9b9e7192b07f,0.7257228,0.34244975,0.2628808,0.32114944,0.37896547,0.45469028,0.2585367,0.46547365,0.40390548,0.56384736,0.3607595,0.2922497,0.33879897,0.5546684,0.430453,0.35533395
832664a08c71bc44,0.42273194,0.319597,0.29377052,0.32352942,0.3574907,0.3488809,0.36717334,0.32440725,0.3796218,0.6689936,0.6529651,0.23420174,0.34398624,0.47059694,0.42145854,0.3551442
a67781c6a8415f09,0.583495,0.31703034,0.20679143,0.28991997,0.36495796,0.3988794,0.37413934,0.39530352,0.5031995,0.32623422,0.6849427,0.29196733,0.26470214,0.44988543,0.297853,0.35987967
b8f6474f2e252f79,0.33997774,0.31234625,0.23141731,0.26715013,0.2942007,0.3711515,0.35532674,0.517893,0.51614016,0.32963866,0.5245837,0.40261874,0.3138978,0.38378978,0.3054366,0.3923746
8aeaa22ec37b0b1e,0.7071259,0.39315048,0.27215004,0.3798276,0.35366184,0.46196866,0.2513042,0.29615712,0.48738208,0.29281706,0.4216429,0.24371597,0.3625886,0.48568884,0.31096637,0.38051587
1f0395cdf9dba5af,0.6743753,0.40753394,0.76576614,0.53432065,0.4164577,0.4959504,0.24608031,0.26505345,0.2810133,0.21426286,0.28760785,0.25631565,0.22983724,0.319738,0.3685091,0.34208158
0753b42173277a25,0.7904511,0.3845015,0.4758822,0.43255132,0.38997912,0.55360675,0.24577323,0.25639337,0.30487454,0.2510819,0.33879593,0.21491653,0.30298305,0.39255366,0.28949425,0.33535728
9dddae2c090d93af,0.83884937,0.35264745,0.28845772,0.30327392,0.52147716,0.5631185,0.23810385,0.24355432,0.28962985,0.2250726,0.32145917,0.23207,0.29473847,0.34755874,0.34100133,0.36091927
e1969b0def240b47,0.7629688,0.3197802,0.19645892,0.2782013,0.37050092,0.43615258,0.27667454,0.22274427,0.33495736,0.37994492,0.66732365,0.22068937,0.2721131,0.3959823,0.3176723,0.34236896
ca5054bfe5b7b4b6,0.69281054,0.3008161,0.5420614,0.43255132,0.36009806,0.55441546,0.23764414,0.39126137,0.34871286,0.28534797,0.48145843,0.27197686,0.2854251,0.48039216,0.31473565,0.30958986
780628bf25d30ab5,0.36273885,0.32982874,0.23997554,0.29090163,0.3074441,0.34644768,0.44010568,0.385229,0.5041922,0.6911172,0.4124213,0.37248632,0.3264077,0.2998974,0.4766192,0.4326903
374d9eca91ff96d6,0.4708748,0.31473565,0.684368,0.49888176,0.3817233,0.45486403,0.33832777,0.27957746,0.36426267,0.3238712,0.54391664,0.22477677,0.29380617,0.41509777,0.3787424,0.3482952
1d02f6a4b6e19668,0.35784158,0.30266565,0.22645111,0.3098367,0.32511485,0.3759322,0.35154313,0.35143197,0.5345269,0.5529752,0.56070286,0.31595775,0.33440286,0.39040846,0.36529398,0.3706134
4b694d9a9fd5782d,0.8219764,0.3530074,0.3714478,0.3296896,0.45424235,0.5456564,0.22204536,0.21737367,0.27805087,0.21771999,0.3056126,0.25006396,0.30407318,0.34012824,0.30820355,0.3354536
8c7e1ae2bd9f3ba0,0.6793829,0.40105778,0.25249594,0.2981186,0.57548815,0.43729642,0.2649335,0.27078107,0.31902793,0.4412261,0.63521546,0.23080648,0.330952,0.41492778,0.3624314,0.37716115
69c67b700a798d4a,0.536482,0.33900785,0.22801644,0.33162257,0.340741,0.45833418,0.28325504,0.34786367,0.5293288,0.33468753,0.43409914,0.2850736,0.31827185,0.43828645,0.32827935,0.37585422
19807d8075ec10ad,0.35784158,0.31758064,0.26982403,0.28500634,0.33820158,0.3608008,0.35627323,0.3583082,0.28754655,0.7757019,0.61689883,0.21426262,0.39303842,0.43710673,0.45632184,0.37837362
43c45dffb8bf368d,0.5663296,0.41694465,0.33679706,0.32326505,0.36270273,0.4107551,0.27659714,0.29517365,0.34319934,0.34784657,0.3176404,0.49082845,0.44074982,0.3860266,0.46937227,0.4660434
83c7930fdcd1cdfa,0.41790387,0.32864398,0.6762123,0.3772403,0.33091986,0.43826345,0.45316803,0.28553453,0.21426904,0.28177255,0.74069476,0.2525057,0.2492292,0.44081244,0.30414402,0.3252068
f1b3162eb80927b3,0.7503866,0.31133437,0.19331332,0.2738942,0.39169583,0.41379812,0.26007715,0.2666863,0.4787009,0.42967135,0.5792972,0.21132545,0.24347088,0.4416539,0.29952028,0.3478183
ee384d7229c2e043,0.8225803,0.3407296,0.19980545,0.2767664,0.37499574,0.45277786,0.26539633,0.2290615,0.28427726,0.3562897,0.6838822,0.18769144,0.25345722,0.39152414,0.3133575,0.34265637
5a59e1ef9c1d1fe4,0.6306115,0.38556272,0.6457483,0.43457696,0.33074415,0.42377675,0.29271874,0.4267984,0.30472448,0.2660172,0.444206,0.4043437,0.3120246,0.43356434,0.30589804,0.32540086
4e1e50205a4eb97d,0.26793566,0.31858906,0.4001447,0.32388186,0.30753273,0.41701314,0.6631625,0.28345215,0.2932063,0.28105864,0.6631128,0.40120938,0.32860085,0.35609904,0.31216228,0.3980802
cd1f80902eb81e07,0.31624094,0.3182224,0.2582808,0.32546708,0.33636117,0.40122637,0.47064874,0.4469354,0.3836749,0.3004746,0.56306183,0.4643357,0.40387708,0.37896547,0.30617484,0.46691406
9daf99b0af75c677,0.33785623,0.33955175,0.2520937,0.31381947,0.32810694,0.3329927,0.52041614,0.31676242,0.44112325,0.36250588,0.6920241,0.280736,0.31249285,0.38774583,0.30414402,0.36516333
895ef1eb4e0295ce,0.47317708,0.30783483,0.3617647,0.3520938,0.35836005,0.43262762,0.34870768,0.36659425,0.42752552,0.3093448,0.6390334,0.34154785,0.26385382,0.42138135,0.31904724,0.34905794
5cdbd99796f0a71e,0.37605104,0.29989058,0.21088125,0.3121386,0.33723775,0.3264562,0.3659081,0.41608322,0.5534147,0.3870471,0.6571594,0.28325236,0.3011149,0.4274802,0.33828247,0.36006874
0a2035e5a8514337,0.4169043,0.31004584,0.2684585,0.3028299,0.2771252,0.41986483,0.34257087,0.25518206,0.38102388,0.241568,0.41670978,0.8019081,0.3362863,0.27263662,0.2943282,0.3678912
26dbdac084ca3797,0.6500324,0.37011456,0.22456329,0.33179826,0.37965518,0.4750441,0.34398624,0.34801206,0.44353226,0.32210174,0.46033403,0.34748536,0.32625106,0.42866436,0.332378,0.3789328
b4d900520258120c,0.8340358,0.39455876,0.26859492,0.3344317,0.3734407,0.50452757,0.25176546,0.22183615,0.24458995,0.26362133,0.56846213,0.17932801,0.26562777,0.3588816,0.29590592,0.3320789
564c35b52582ce88,0.7565291,0.35938507,0.40186822,0.36044544,0.56381875,0.55101585,0.23687805,0.20666394,0.27169648,0.22760154,0.31626707,0.26274332,0.3057869,0.34012824,0.3361045,0.3551442
5a6a8f25d82f18bf,0.48335758,0.32179424,0.30491266,0.2929529,0.32458645,0.37959903,0.3505977,0.31575733,0.36271763,0.3585605,0.7508287,0.26370412,0.2738907,0.42426315,0.3240803,0.34514418
bcba2fc41f432bfd,0.6750016,0.33674002,0.23010771,0.27461255,0.35836005,0.33724013,0.364169,0.25693226,0.33937943,0.3400548,0.7719456,0.23393498,0.24216682,0.40043268,0.29599866,0.3494392
3e4567163917a726,0.8219764,0.403686,0.28137442,0.31514573,0.31735456,0.4421251,0.23266737,0.2986907,0.32432368,0.37073785,0.4095664,0.22795275,0.35942972,0.49871734,0.3251766,0.33622372
738c770b656f1e50,0.7660316,0.3507565,0.2897133,0.3108108,0.33495808,0.47435898,0.27273133,0.26546142,0.37200516,0.2833445,0.42132428,0.29663613,0.30547523,0.4040215,0.3238061,0.3767878
ab8aeaa2f6f64db6,0.45141953,0.33083063,0.24554859,0.29580414,0.34651104,0.45746744,0.3461889,0.2716022,0.3599397,0.30482936,0.35811955,0.7672611,0.3068778,0.26381668,0.3624314,0.39550656
dbf55df90708dca3,0.37403157,0.2947924,0.21879406,0.27272654,0.26372653,0.3578299,0.37778527,0.3064747,0.4611226,0.28063044,0.35920626,0.7975257,0.29598185,0.25722733,0.30405164,0.36110815
9b41ec7d10c6c035,0.77948064,0.38680005,0.2517586,0.30176392,0.43778086,0.52813303,0.26547348,0.33577067,0.33297828,0.45158005,0.30697984,0.2121731,0.3068778,0.4108434,0.36439985,0.35533395
38f7715a163dd2d2,0.5716312,0.3984258,0.34179816,0.39495417,0.35157093,0.4452769,0.31093234,0.29391074,0.39776796,0.32165977,0.42834222,0.337264,0.43383113,0.49509597,0.38856632,0.40686554
47d3cdd9bc547769,0.80048114,0.38095957,0.304629,0.341091,0.3096595,0.46731684,0.2637767,0.21944045,0.30517456,0.3172481,0.5476001,0.21963727,0.3320497,0.38946396,0.3077426,0.332851
3fcf47af6c50f89b,0.37605104,0.4469421,0.30875117,0.39152414,0.32458645,0.44824713,0.5714483,0.2877609,0.36240885,0.29975027,0.58473223,0.3365271,0.29551557,0.35427135,0.29070386,0.36516333
dfe50bf588ae077e,0.46330133,0.3008161,0.2562587,0.35157093,0.35087362,0.38644934,0.3187408,0.3426834,0.36132818,0.4256822,0.44951662,0.3743165,0.5784329,0.41543788,0.50465566,0.48368594
e3dcab1b459b2ef4,0.57227343,0.32471988,0.24748059,0.2929529,0.3344317,0.40500948,0.37398082,0.23746558,0.3096814,0.3501028,0.72772276,0.27280787,0.2585367,0.36877003,0.3024808,0.35912314
3d03d91fd27f9364,0.38285944,0.31069025,0.2960165,0.35870782,0.418666,0.3959856,0.34666106,0.37296957,0.42417994,0.396524,0.5100158,0.26452836,0.58242935,0.33872718,0.60788256,0.5019313
918723a9b2ad795f,0.36830473,0.33155897,0.21453951,0.330129,0.312581,0.40590867,0.43158105,0.43974397,0.49033877,0.5480923,0.43233857,0.40214878,0.3587982,0.35488072,0.38042766,0.4736842
0fed6b10c227ed68,0.42289838,0.33301473,0.38076723,0.38980746,0.34388986,0.46542138,0.3990918,0.31418002,0.2501273,0.45044377,0.68070316,0.21825807,0.42804763,0.46676815,0.35264745,0.39513847
a08f49f8d9b37346,0.66418463,0.33337852,0.19080478,0.2924179,0.33179826,0.4077056,0.3114004,0.31060493,0.5143103,0.3929429,0.44774517,0.29069766,0.29551557,0.4440085,0.3182224,0.36967534
7f75cc79080ce55f,0.45323703,0.34244975,0.2688679,0.341966,0.3433653,0.38133752,0.30547523,0.25747144,0.41607764,0.528385,0.35718846,0.48642582,0.47568,0.3614875,0.57015955,0.46185625
518c788f943aed9d,0.42006886,0.36565155,0.43551844,0.28554282,0.29054472,0.38890758,0.35469598,0.2405049,0.28412876,0.23694116,0.31596202,0.8442995,0.3246853,0.26642975,0.36439985,0.38858783
d9efea8f1986be3c,0.4871278,0.3348329,0.24941659,0.3296896,0.35488072,0.334882,0.3085927,0.2676401,0.40437835,0.68230444,0.55330324,0.23633792,0.33817065,0.44047576,0.46514544,0.3657282
ffaa68c43e932021,0.36223248,0.31262213,0.28206652,0.32282448,0.25804064,0.31693134,0.29800317,0.63669026,0.7786047,0.34095147,0.35718846,0.27488828,0.2735042,0.34790784,0.30312777,0.37463945
a5950895a45b2f1d,0.7654192,0.43097055,0.37617284,0.38,0.30389544,0.503689,0.28248033,0.52423686,0.3480995,0.24364524,0.35021687,0.51206374,0.3078131,0.40385064,0.29469958,0.31448972
47982ceca1ec9f53,0.7257228,0.72931606,0.37602,0.40743467,0.35853395,0.47109994,0.2894583,0.19249727,0.26779068,0.25443232,0.32620287,0.26342952,0.26747966,0.29152608,0.31151843,0.34370947
d8b5fcae7a1e9e8f,0.6215803,0.38680005,0.26450977,0.32705128,0.3891204,0.5259887,0.3051636,0.30746996,0.38180324,0.33008334,0.42642626,0.29253212,0.30500785,0.40948042,0.343264,0.37173817
96325d1609a047a7,0.4317075,0.32252607,0.25706702,0.33916515,0.29455712,0.37133563,0.29132107,0.36932144,0.40579763,0.3696678,0.63382846,0.2796196,0.4149044,0.6230276,0.37189677,0.37454593
493676c384a83400,0.40706202,0.3050674,0.2668225,0.30105305,0.27829096,0.33761707,0.39494905,0.39265874,0.5476629,0.28620756,0.59120125,0.38443857,0.29707012,0.4023131,0.2925634,0.38645875
9931043a65d72de9,0.29991433,0.27228948,0.2788872,0.28875944,0.2959823,0.3433536,0.45010033,0.31446663,0.35424155,0.4349551,0.7180358,0.3140815,0.3087486,0.38068947,0.37616712,0.3868292
6d28694e124d6311,0.5745202,0.33465114,0.799172,0.49229398,0.32951376,0.45954672,0.25561136,0.4001447,0.31058398,0.22787523,0.33479586,0.2801776,0.2267034,0.374823,0.3360137,0.3241389
4120608b71d1380c,0.30137005,0.3307396,0.24083585,0.3311834,0.29669458,0.35196325,0.44800273,0.3763256,0.4863975,0.44090372,0.38559037,0.59407514,0.34713325,0.26733023,0.33537796,0.43875498
fc9c9a902c30f9d4,0.8589436,0.4477968,0.3554621,0.33662415,0.3734407,0.51887196,0.23810385,0.24568173,0.2640395,0.2262339,0.39581457,0.23260252,0.32358962,0.36599818,0.2943282,0.34667292
7b6f3ff7e18d0fba,0.8150258,0.38909587,0.20781215,0.29009852,0.4323824,0.4851114,0.22548106,0.35217705,0.47951835,0.3171013,0.42180216,0.25590676,0.3153032,0.41033235,0.34172568,0.38060898
609d607bcb3b720d,0.48647243,0.32946432,0.32324937,0.2811583,0.35087362,0.36543074,0.2910882,0.32745337,0.48688975,0.5229024,0.61345756,0.25440893,0.30952838,0.3773265,0.40140843,0.34676835
e9e657b92191314b,0.84065306,0.39702058,0.30846635,0.33811405,0.39392564,0.46731684,0.26856035,0.23377922,0.32538444,0.25115165,0.42594752,0.2199002,0.30750126,0.3639173,0.3141845,0.38126016
a2ca78e2b0f85b00,0.57580346,0.3214282,0.22423816,0.31098786,0.31912035,0.37501407,0.32797414,0.2725611,0.44900298,0.6194858,0.49832365,0.27864367,0.3550113,0.34825692,0.39279827,0.35495448
6ac3ac4dccbb74d1,0.74792695,0.3784762,0.29770458,0.3192968,0.2977626,0.37133563,0.29675913,0.23931439,0.36071098,0.39730382,0.5990544,0.21426262,0.3256247,0.39752367,0.30765048,0.33805108
2611690d23cde020,0.79410136,0.39403078,0.493238,0.4539074,0.35087362,0.5557083,0.23925331,0.26193187,0.32159838,0.2598254,0.35130006,0.19831134,0.28604528,0.38671443,0.2896804,0.33034
513245d4186a599c,0.532594,0.39350265,0.28692544,0.38551056,0.3860266,0.42572862,0.33518746,0.39048588,0.45045358,0.41236442,0.44645765,0.30489329,0.41874683,0.51903105,0.40928033,0.43822098
4d4754202827537d,0.63266844,0.36690226,0.6300423,0.4482077,0.43676955,0.5903149,0.27860883,0.29335,0.30337474,0.21615966,0.3482066,0.29635257,0.27938285,0.40896913,0.32709357,0.34991547
90bce2f1f265ff71,0.5729155,0.33119485,0.28748232,0.35139665,0.3827567,0.4048295,0.32813078,0.37464613,0.301277,0.4169473,0.5004604,0.42493948,0.41234475,0.3997484,0.44813856,0.48145112
63e189d4ee9ce275,0.7925809,0.32499394,0.19721554,0.2948244,0.36114028,0.45486403,0.24485211,0.28109777,0.48229998,0.3275653,0.5352318,0.21106482,0.28976867,0.37413207,0.3224346,0.37958485
4e4d88a8da158f07,0.33972326,0.32179424,0.20781215,0.29607132,0.31770778,0.30320337,0.4402668,0.32934394,0.5395695,0.46365067,0.6487777,0.31336072,0.29380617,0.3832733,0.3685091,0.37865323
9e638861768bf61f,0.77092737,0.31941378,0.25263005,0.32388186,0.3303927,0.5057007,0.24569647,0.26139006,0.42402077,0.5016898,0.40734825,0.24654736,0.3714465,0.4128864,0.42509624,0.39605847
ef5048318fc6613c,0.8050321,0.35003564,0.22729866,0.31912035,0.38155106,0.50988233,0.23473386,0.2823435,0.3936866,0.2716724,0.3996005,0.20703325,0.26562777,0.37706766,0.3009086,0.3615803
a4e38eb8f2d7062d,0.33819574,0.28221998,0.20500802,0.27128857,0.31160757,0.32198715,0.3458741,0.36312056,0.5123159,0.77002126,0.47087383,0.28101528,0.2991698,0.37015483,0.5237602,0.38349065
2cb8a24899e8007a,0.49809167,0.300631,0.27668196,0.32617128,0.3237056,0.3932674,0.35154313,0.2844234,0.2920134,0.40324512,0.73600304,0.22762145,0.3430426,0.4312,0.3690444,0.3441879
a06d1d0a59a18c3e,0.8132106,0.364221,0.21756725,0.2948244,0.4549119,0.46852162,0.29660368,0.23984331,0.35793588,0.27075174,0.4940557,0.23767535,0.2963705,0.37827554,0.31344947,0.38997453
0198cc03d313e3df,0.846359,0.39226982,0.3203608,0.33846438,0.38224012,0.4905414,0.25930688,0.243156,0.32447517,0.24350655,0.37978953,0.22003166,0.30563107,0.3672112,0.31115037,0.38181818
6b98dbf8258f510a,0.8421554,0.3779436,0.2901322,0.32247192,0.35818624,0.5866887,0.2311373,0.2747566,0.31797048,0.23921792,0.32850155,0.24344674,0.3065661,0.37879303,0.3275497,0.35912314
09c5f8f2170845c2,0.7858837,0.4249232,0.37923333,0.3762046,0.398893,0.49037203,0.26886913,0.28165123,0.27864298,0.4229763,0.3409525,0.20865694,0.3501251,0.48006073,0.4132907,0.36958155
999103179faffd4f,0.3809273,0.31188637,0.31748107,0.25170842,0.32088482,0.35968748,0.3895379,0.34534404,0.2845742,0.41900685,0.7671978,0.22874829,0.3140539,0.41322678,0.36001262,0.35656664
c6bd51e742c7ddc7,0.48778328,0.33855447,0.26152548,0.28411198,0.34965283,0.34607303,0.30329445,0.29055128,0.37029928,0.78589875,0.53790087,0.24668244,0.31030825,0.35896853,0.45989037,0.36535165
2256011ffd6ff59f,0.42722213,0.36117756,0.42519182,0.28679425,0.27999383,0.38799757,0.3665407,0.28650796,0.2829414,0.22855978,0.33156988,0.8424865,0.3000255,0.26471803,0.33183205,0.3782803
89dce343e595d4ef,0.73745686,0.3290086,0.21402517,0.30788735,0.6719583,0.53782314,0.26439366,0.25949624,0.33282605,0.2988816,0.5516245,0.20482941,0.284805,0.40419218,0.3458853,0.37977117
b591cd90ddb98c07,0.6940573,0.35705212,0.27050754,0.32035562,0.39135256,0.4248418,0.29458308,0.31733724,0.36101964,0.4995022,0.58167356,0.27447182,0.2704136,0.43643233,0.36957958,0.3483906
465b286889cfecb6,0.449932,0.36690226,0.23654258,0.34004068,0.32009098,0.3759322,0.36448509,0.44072166,0.53351974,0.40622562,0.4511282,0.32904053,0.34398624,0.51004136,0.36725947,0.38460442
bb15eb10a9a58f09,0.3032531,0.35812923,0.3121763,0.35488072,0.32220745,0.37096724,0.5100875,0.39920592,0.44288954,0.47417644,0.54525554,0.30919015,0.36875543,0.4137372,0.36305794,0.3881253
89ecc1ecb6c11bb0,0.8358416,0.43166038,0.33415994,0.3724035,0.39666748,0.57224494,0.23756751,0.26777643,0.28442577,0.25996584,0.34619796,0.22358839,0.3076572,0.38224012,0.31372514,0.33034
36ae2274638fec47,0.78984255,0.44231963,0.3511341,0.3715389,0.44232687,0.57861286,0.26871476,0.31418002,0.27805087,0.25122136,0.44742325,0.23167083,0.30703363,0.45892593,0.31877232,0.36638683
21ec706dc6b8a5ed,0.726032,0.37971833,0.4006145,0.35836005,0.37292218,0.4264378,0.2648564,0.44627956,0.37479976,0.45125532,0.36713827,0.2549533,0.3185845,0.5010191,0.3481421,0.3339119
bb05ab9b8506aae4,0.8165378,0.32727605,0.22645111,0.3028299,0.40419218,0.5610284,0.26670796,0.29447186,0.28724912,0.28162977,0.5392365,0.31077012,0.33691436,0.39649618,0.3179474,0.36685717
d19ed39ff99ee112,0.6142774,0.3135413,0.24968396,0.30398422,0.35957676,0.3939927,0.32891428,0.3310924,0.3577818,0.37043202,0.68246883,0.25877252,0.29318476,0.4851928,0.33555964,0.3721129
985aa9db5352d15c,0.43966973,0.31996337,0.2757188,0.30176392,0.33355415,0.36033705,0.33126563,0.3634222,0.47380298,0.3944987,0.6631128,0.25454497,0.30609852,0.44854328,0.3468786,0.39440203
ede8393797e371be,0.33276016,0.28819063,0.22358836,0.3451134,0.2933095,0.42501915,0.46740603,0.27297238,0.30802774,0.31138915,0.7342007,0.2739169,0.45623803,0.4671013,0.31647986,0.37370428
871e5a4bca6c70ce,0.37571457,0.33810106,0.33870617,0.29544795,0.35731673,0.33100644,0.373664,0.2747566,0.2984335,0.68651265,0.6550614,0.24042271,0.31936616,0.33100772,0.49019155,0.36619866
0667f10760c462a4,0.42921624,0.30626708,0.21235563,0.30487177,0.32150218,0.35820156,0.32578126,0.28525668,0.5996537,0.64458835,0.38621825,0.29465285,0.31561562,0.39443994,0.43888798,0.39513847
b73c11fe8e942a01,0.58269453,0.3141845,0.3777019,0.29687256,0.31523407,0.33525953,0.34776294,0.2027837,0.22583629,0.34394488,0.78918254,0.27239227,0.26778844,0.38877684,0.31501114,0.33766654
463ea0766d162268,0.47399902,0.34118244,0.28525668,0.3074441,0.36565146,0.37785843,0.48641202,0.22345841,0.30487454,0.48145998,0.6683774,0.37660864,0.3253115,0.3644377,0.3466077,0.3844189
163dd5e3e91b81fe,0.7925809,0.38503218,0.295876,0.31125346,0.28983074,0.42235547,0.31452233,0.23997554,0.2605155,0.2463507,0.607961,0.2800381,0.28775144,0.36513132,0.26259002,0.33833936
ffd73e511c668770,0.57997155,0.31620458,0.23272872,0.26958,0.26651984,0.38799757,0.36069292,0.3450481,0.4425683,0.3825652,0.6028188,0.3761498,0.25969198,0.35435846,0.27969545,0.34772286
86c57ad53372bfd1,0.831928,0.34235924,0.2192465,0.28393304,0.36339682,0.4978048,0.2704136,0.2867862,0.3294815,0.35508022,0.46260035,0.2079422,0.2896135,0.4347457,0.31207034,0.36459824
2be63699b4bd7d0e,0.33123013,0.30718946,0.27338383,0.3003419,0.29687256,0.34729034,0.49358207,0.27037078,0.3608653,0.38364568,0.6998359,0.39372355,0.28527007,0.4191754,0.3252679,0.36006874
43441590cf8b1db0,0.39300957,0.29126194,0.19696325,0.27146834,0.32458645,0.35074976,0.3689137,0.31117603,0.4143343,0.57409406,0.71481484,0.2534568,0.28565767,0.39135256,0.35812923,0.34753206
bc4e5296e40a3959,0.7995704,0.40753394,0.5463842,0.463434,0.3872302,0.6160455,0.24109319,0.26233843,0.27568403,0.22589225,0.30227378,0.27488828,0.30173752,0.40606996,0.32060438,0.34399652
f67c333aa76d1adb,0.385798,0.3827314,0.2545098,0.36669138,0.34895495,0.36015144,0.368439,0.37296957,0.4595026,0.47980124,0.4798271,0.34317735,0.41106546,0.5380474,0.41972378,0.40650064
6895d27d1492e7b8,0.7907555,0.37971833,0.5011612,0.43660095,0.40197134,0.58810884,0.23373878,0.30903614,0.29514623,0.25324473,0.3530031,0.22967723,0.28325504,0.42494076,0.30423635,0.311944
44c2fec007dd399d,0.83884937,0.3765226,0.3634222,0.3487805,0.32264814,0.56632775,0.23710787,0.42551288,0.29425064,0.255621,0.3534678,0.26976427,0.29691467,0.4820485,0.30192605,0.3354536
085e303c6e6c4249,0.8135132,0.3813141,0.29615712,0.31514573,0.28715163,0.43033165,0.27659714,0.24275784,0.31540468,0.35598722,0.5590192,0.19985627,0.29660368,0.39341125,0.2977603,0.33564615
b0f3540fabe15344,0.37739673,0.2817527,0.24928293,0.2747921,0.2711088,0.35615617,0.48934373,0.5067088,0.49494624,0.30482936,0.62794226,0.48069438,0.2292255,0.3147921,0.2882838,0.34562212
5483e526b0fabd65,0.5745202,0.38503218,0.28109777,0.3148805,0.32264814,0.36302498,0.31842822,0.32353872,0.35701162,0.42616025,0.5432475,0.27170008,0.39017412,0.49986842,0.40018094,0.40613562
24cdc0bd3073af26,0.49841845,0.30479044,0.2545098,0.28634736,0.3223837,0.32274878,0.40930712,0.22579968,0.34518856,0.5473961,0.7288013,0.23647153,0.2710315,0.33846438,0.35866752,0.34504858
c6a21e36dd354498,0.6566429,0.39860144,0.33050925,0.34668562,0.32300073,0.45260382,0.31311718,0.25963137,0.38757986,0.2942584,0.383237,0.3216069,0.33974162,0.42544883,0.3270023,0.38032976
d1b1ac2f018f42fe,0.38932145,0.3043287,0.18350793,0.28223276,0.2773046,0.362284,0.3900151,0.41021472,0.5972312,0.34020418,0.51728916,0.47566128,0.28263524,0.348606,0.28949425,0.37865323
17b2499d422aef64,0.6048917,0.37421116,0.6304322,0.4128864,0.32044384,0.46473154,0.36764792,0.2288001,0.25443685,0.27472246,0.6155217,0.29748726,0.30127054,0.47574836,0.32490256,0.39182112
aceb22095a3c1b9b,0.74053913,0.4019343,0.30066597,0.36946258,0.36946258,0.606435,0.25576526,0.3192079,0.38930038,0.25240707,0.34295678,0.28830367,0.32312012,0.4144176,0.317122,0.34619534
6db132118dd83da4,0.80169535,0.3238061,0.24289055,0.2916153,0.47525036,0.45434284,0.2546111,0.29069105,0.3732468,0.2988816,0.54659504,0.21937439,0.285115,0.45256743,0.30368218,0.38172522
aea676df9351d5c3,0.47284827,0.37883115,0.26723123,0.38482237,0.34633633,0.38389564,0.29473847,0.3199283,0.49297035,0.38488156,0.4197321,0.34629515,0.46189916,0.59312683,0.4101529,0.3966102
b2c1938bd1be5918,0.6635567,0.36261043,0.24448445,0.35139665,0.3836176,0.47109994,0.31499088,0.28470105,0.39086583,0.37104368,0.47087383,0.26893577,0.35785115,0.4137372,0.36654496,0.3711759
a0a4f83917d76fa7,0.83012044,0.3726093,0.2502189,0.32740322,0.38963574,0.518706,0.271186,0.2867862,0.29873267,0.25912377,0.48031637,0.24438941,0.2790732,0.3724035,0.30303538,0.34025973
d56a1e598c5edf05,0.43386546,0.3053443,0.30803922,0.29357693,0.33793873,0.347384,0.3059427,0.30038357,0.284203,0.48678127,0.78073347,0.2225332,0.28767386,0.4637677,0.3795409,0.33766654
d75136f5064f836d,0.31675282,0.29181978,0.2805446,0.30584785,0.38378978,0.3658005,0.38683498,0.47116852,0.5163065,0.5955304,0.6231049,0.24250492,0.3450874,0.38619855,0.48567885,0.4077772
6dde6287f2056803,0.8616351,0.35381705,0.23010771,0.27101886,0.33372965,0.48000145,0.24040315,0.20252985,0.24480827,0.29830274,0.64320505,0.20198452,0.2568428,0.36582485,0.28772488,0.3305333
7a43456dd0d562c2,0.4626421,0.3280058,0.24701385,0.30149734,0.39443994,0.32484132,0.32265067,0.25760627,0.3650355,0.7015299,0.6849427,0.20937215,0.27566904,0.3908376,0.42993528,0.32821164
5391eaf156a5bc1a,0.38210347,0.322709,0.451209,0.40589935,0.40197134,0.5914166,0.44461647,0.33153003,0.33815852,0.22002998,0.5980287,0.4830508,0.2885272,0.4167976,0.29952028,0.35959598
04941c349073dd05,0.41273656,0.40543613,0.27023402,0.371193,0.382929,0.38927138,0.32766074,0.34994364,0.40453604,0.48145998,0.48341742,0.30289418,0.39049235,0.58313125,0.4695411,0.41957164
7db005a3bff8156e,0.57644504,0.32115367,0.24694718,0.28312775,0.37171182,0.35186997,0.31639668,0.25035265,0.30232558,0.53595865,0.73384047,0.20088759,0.29520467,0.4118651,0.3663663,0.35704044
a31e93059351d6d0,0.52610594,0.35633364,0.30491266,0.40504593,0.33478257,0.40500948,0.33408898,0.31060493,0.38789257,0.3791752,0.5559915,0.26893577,0.4953766,0.53496915,0.3827314,0.4121446
8bc02206ceef9abb,0.3713376,0.3238061,0.5042781,0.33811405,0.3262593,0.42217776,0.55287933,0.23023863,0.24502657,0.32431394,0.7284418,0.33167675,0.30695575,0.3791379,0.34615624,0.3701445
f5009a8d7206b7e6,0.2996574,0.3156539,0.53418154,0.34825692,0.33223733,0.4264378,0.6158809,0.23918219,0.23624079,0.33216062,0.72484875,0.33623248,0.300648,0.3995774,0.36010224,0.38460442
2dd2ebd43eddde7e,0.84425783,0.42509624,0.3487545,0.32643533,0.33776352,0.4847713,0.24876823,0.2549131,0.2884391,0.25793174,0.44726223,0.22292876,0.29473847,0.36478457,0.2895873,0.34428355
93918ffd6fb2e683,0.34904602,0.33900785,0.32093784,0.37136593,0.32106122,0.43703255,0.5671304,0.29742306,0.32462665,0.31226632,0.7176778,0.26797003,0.33927026,0.39923516,0.2775422,0.3702383
fa7aa57f50ff081a,0.4500973,0.3301021,0.27009735,0.28187466,0.34476385,0.35186997,0.39049235,0.28636882,0.2948476,0.61583054,0.713742,0.22676057,0.34634626,0.4637677,0.37732205,0.37688118
7064920835696f5f,0.5005423,0.32791454,0.7384208,0.45825735,0.30327392,0.3441981,0.2804667,0.3316759,0.3853922,0.2723811,0.35114527,0.35345623,0.2693324,0.3498273,0.3530074,0.31624928
60adecdaf976e59e,0.35327694,0.29729688,0.22579968,0.27335533,0.32150218,0.34850678,0.317803,0.33489177,0.4372747,0.7359804,0.6442489,0.23300208,0.28697583,0.41067308,0.38944873,0.349725
3151a751aa62298c,0.4868002,0.32946432,0.77812755,0.4544097,0.3901509,0.41254592,0.34729064,0.26996067,0.30232558,0.26587617,0.53940344,0.27711207,0.2718041,0.3724035,0.35084662,0.33708963
75ffd6bcc42b5a94,0.40020892,0.32791454,0.24514939,0.28947368,0.35662103,0.32427096,0.35233113,0.29222953,0.35239697,0.76840216,0.60933405,0.18680097,0.32155555,0.3901509,0.4680208,0.35039175
d0ab016e7af20ed3,0.5716312,0.40070713,0.32687238,0.3884332,0.3639173,0.47024098,0.2863555,0.28414577,0.42609102,0.34589425,0.4041829,0.34110388,0.40244097,0.5093863,0.4105018,0.3844189
cdc0db7bb6cbd96e,0.35817948,0.4195502,0.2731095,0.3451134,0.312581,0.3815204,0.49129933,0.41433495,0.45416537,0.5446149,0.51265824,0.2667297,0.39335677,0.4144176,0.36287895,0.39569056
d11a72c4d2c1c3c6,0.6306115,0.37634492,0.34638077,0.39615357,0.4340707,0.63445127,0.29349542,0.34534404,0.34717983,0.27991724,0.3463524,0.30446458,0.36828077,0.45424235,0.37082765,0.38200414
29078d1c564efef4,0.3620637,0.29228458,0.20214921,0.29865232,0.32326505,0.34128729,0.43383113,0.34994364,0.43583333,0.6516803,0.6103643,0.28395244,0.33612928,0.40436295,0.403686,0.36939383
a27b749f36851259,0.4808968,0.31868076,0.24928293,0.26975995,0.3323252,0.3324255,0.2978477,0.2827591,0.36055675,0.7280809,0.6852963,0.20017849,0.25645795,0.42764935,0.43734163,0.34025973
c6cd92ba242905ac,0.8310244,0.39033082,0.36387473,0.3997484,0.31364256,0.5132187,0.23879346,0.20902576,0.25246355,0.3073036,0.56171364,0.1917084,0.40148374,0.43744382,0.33356035,0.3389158
31ea42e4687bc844,0.7442347,0.39332664,0.32093784,0.35975054,0.3037179,0.46265996,0.2331265,0.39983162,0.51847136,0.270044,0.36402455,0.22438048,0.3084367,0.38378978,0.30192605,0.376041
c464ac0c4a780db7,0.3901599,0.3183141,0.24488339,0.33408073,0.3319739,0.34138128,0.32860085,0.33094656,0.41180128,0.58727515,0.55296737,0.27850434,0.48218095,0.47425392,0.48701718,0.45835635
9bd7cb3d28314baf,0.8517572,0.33746603,0.26111928,0.3233532,0.457923,0.6168175,0.23657167,0.26791286,0.33297828,0.24136046,0.34449965,0.23313527,0.3188972,0.3874021,0.34281164,0.3764145
06062fb4e4525638,0.33564866,0.2820331,0.28095943,0.2811583,0.33250076,0.35457358,0.452522,0.28595158,0.28695172,0.50253224,0.74792933,0.21465492,0.31155643,0.41543788,0.37474486,0.3417941
af7c5833e30a11b9,0.40288466,0.29572034,0.21905258,0.29624945,0.28411198,0.3330873,0.3090605,0.5011612,0.7628718,0.40449923,0.4054486,0.29366264,0.28433996,0.33276415,0.3269111,0.40193114
f837fe382bdf949d,0.8502585,0.39825022,0.27173913,0.33916515,0.3982084,0.53749573,0.2585367,0.25464422,0.32940555,0.26976097,0.5358988,0.19567767,0.28263524,0.38103414,0.3257245,0.36120263
553625f62b73c396,0.32314593,0.29896468,0.22190094,0.32951376,0.2931312,0.33403212,0.33974162,0.27365825,0.43295372,0.38086915,0.69805837,0.31321666,0.41362432,0.5599701,0.36126718,0.35912314
68f8cdcb70a36091,0.47383457,0.35246745,0.26437393,0.33162257,0.33144692,0.40320915,0.30407318,0.36901805,0.39258915,0.3582575,0.6269049,0.29706165,0.31561562,0.50840336,0.32316616,0.36139145
d402cdb293f30563,0.8343369,0.41746613,0.38230345,0.3734407,0.3817233,0.5360217,0.2620807,0.26873145,0.2758319,0.24850537,0.3816694,0.21557088,0.32265067,0.41016206,0.30894068,0.34934387
acabef88e9ca8c9b,0.7638878,0.37918606,0.2651894,0.340916,0.40845776,0.4874896,0.28821686,0.3536689,0.32205236,0.3272694,0.45823142,0.5086118,0.3306385,0.3527909,0.3419972,0.3825618
bcea067e0c4bdfd2,0.34040198,0.28800437,0.3170498,0.28965223,0.31841412,0.35037616,0.48608634,0.2897133,0.24495381,0.40152258,0.7803667,0.28760067,0.27342692,0.36478457,0.31886402,0.35770348
d924b0f035d7da84,0.39552242,0.3311038,0.2932099,0.32150218,0.33127126,0.34100533,0.3678061,0.2666863,0.36055675,0.6020243,0.63833886,0.2714233,0.33974162,0.39478284,0.44420424,0.36497498
e5cb3ccd596295f1,0.7831408,0.3132656,0.23050039,0.28429088,0.33750063,0.37225613,0.29458308,0.20762067,0.2491061,0.40795425,0.74069476,0.17536147,0.27566904,0.36495796,0.315103,0.34399652
992a701f61c36327,0.34565827,0.29655516,0.23825747,0.29669458,0.2520707,0.3667245,0.3893789,0.6501066,0.5899803,0.31622085,0.3893605,0.41601992,0.3011149,0.3296896,0.29572034,0.39569056
9a1e23af31ada04a,0.56118214,0.3681521,0.32992637,0.3559251,0.49526066,0.496119,0.33157924,0.31590083,0.44192594,0.4446148,0.52690905,0.26507828,0.37730953,0.39666748,0.408582,0.4164973
0af16ff3057b606e,0.7173647,0.37438908,0.33401364,0.34406468,0.33293974,0.4764134,0.28217047,0.22306882,0.26742256,0.40089676,0.61311364,0.21819243,0.37112978,0.44770417,0.32298332,0.35020122
4cdd424db876e0f7,0.74023104,0.42180532,0.37190408,0.42290747,0.4128864,0.5817857,0.24178334,0.295876,0.33008918,0.34724554,0.36776146,0.28031716,0.34319985,0.46860003,0.33664924,0.34810448
2a7e70b603788e3f,0.37924647,0.2842745,0.21698669,0.274433,0.27613837,0.30676755,0.33879897,0.45616242,0.7778529,0.48245615,0.42180216,0.30232367,0.2529958,0.2985634,0.32837048,0.38404766
ea04bddc7fd3560c,0.65585643,0.37421116,0.22118802,0.30797598,0.30868495,0.43650466,0.3242157,0.45682466,0.52514625,0.32623422,0.35811955,0.35870844,0.28806174,0.3959823,0.29367822,0.3574193
e05524dee34d04fe,0.53389037,0.30894068,0.22866948,0.2817851,0.30549294,0.3932674,0.3720799,0.33284408,0.36472633,0.39418736,0.61448944,0.40622866,0.3234331,0.3836176,0.30672833,0.37080097
c31020cf4ba0608c,0.6630857,0.44506025,0.35770833,0.37516853,0.3836176,0.43192157,0.2585367,0.34949756,0.42656907,0.3920102,0.38386428,0.25713393,0.3651175,0.48535815,0.3539969,0.39182112
66561ba85959052e,0.4048903,0.35615402,0.22958446,0.3692894,0.3147921,0.32607636,0.33236334,0.48129588,0.7819905,0.23990867,0.38778892,0.26645425,0.3076572,0.38482237,0.32161123,0.44124383
c37a5e5342c8c37d,0.7934932,0.35507575,0.22021672,0.3119616,0.35348767,0.48630103,0.29831424,0.24103448,0.2910447,0.28850266,0.6324423,0.2418328,0.2718041,0.38413402,0.28735217,0.33593497
7b37aa4358269660,0.786493,0.3880366,0.34253582,0.35714284,0.35540295,0.46748897,0.25007448,0.2502189,0.26205647,0.38302818,0.53623235,0.18896486,0.28341,0.37827554,0.3265461,0.32530382
5d1894e5689d968f,0.38730836,0.34443945,0.29897264,0.3168246,0.33109552,0.3728082,0.47048658,0.2912502,0.4335934,0.38797632,0.63071054,0.3494222,0.3076572,0.38017237,0.32014653,0.3962424
f1eb2f4244e09820,0.5371295,0.30238834,0.25464422,0.28214324,0.31187305,0.31807756,0.35958758,0.29194963,0.35331905,0.44251603,0.75627375,0.24519812,0.25576526,0.3922106,0.3362861,0.33554986
6346a3e5883323df,0.7543803,0.43355608,0.28372955,0.3545325,0.3703279,0.65964633,0.24201338,0.32948953,0.36797538,0.28205818,0.33633354,0.25563428,0.29722562,0.41662762,0.3182224,0.33632
6e20818eb7c80469,0.35310778,0.31400082,0.23207277,0.30203047,0.33548433,0.33837068,0.3499676,0.41163898,0.42864192,0.5726763,0.62241465,0.28563464,0.3287576,0.4827109,0.45155278,0.37790737
5c743c110da67adf,0.8095777,0.42786297,0.54963785,0.43896022,0.36357036,0.5805175,0.23129025,0.23878574,0.27332008,0.22479951,0.28670362,0.24898061,0.27435455,0.38068947,0.3077426,0.3266616
bb7f31d08069ab5e,0.7430032,0.38007307,0.26206735,0.3472095,0.37706766,0.5028499,0.29691467,0.3176248,0.38695455,0.31974614,0.4141675,0.3153801,0.32155555,0.42189014,0.32864398,0.35561848
20e2fcf56f0ae73f,0.76848024,0.4019343,0.39126137,0.3395154,0.31982625,0.39435533,0.27860883,0.24941659,0.28561404,0.35704625,0.64390093,0.1999207,0.2916316,0.40589935,0.2977603,0.3172258
ff28727c5ef4b69c,0.7543803,0.46903446,0.6536852,0.52147716,0.3098367,0.47829404,0.20833175,0.31733724,0.37931037,0.2408763,0.3033356,0.25019944,0.25045875,0.37413207,0.29293507,0.30486915
7a4125ed8a1bd722,0.75837004,0.32481122,0.2527642,0.32026738,0.32247192,0.52532816,0.23910002,0.2649175,0.42020425,0.5397608,0.3475884,0.26852176,0.36717334,0.39769486,0.43768537,0.3888653
c9b070af3ac153e1,0.65805805,0.3765226,0.27640665,0.3168246,0.37361363,0.3896351,0.26015422,0.32021666,0.4216346,0.7667846,0.43041953,0.20172635,0.29085532,0.42967892,0.481658,0.33977994
68a162372a9ea6bc,0.4618179,0.30976963,0.22274427,0.32247192,0.32581913,0.3903623,0.36495933,0.40910834,0.2981345,0.48678127,0.67647064,0.31062642,0.37968883,0.49723646,0.36859837,0.47955692
20fb6efa75f6a3c4,0.41740406,0.29525644,0.24182948,0.4513944,0.34458905,0.39869872,0.31733418,0.23693806,0.35716563,0.27294827,0.44468835,0.30104125,0.80858773,0.38155106,0.416597,0.48437288
6155f539b20dd79d,0.37403157,0.31372514,0.21357536,0.287509,0.315676,0.32531646,0.4364042,0.38909164,0.65329826,0.39309838,0.5318994,0.35570398,0.2885272,0.35922918,0.32846165,0.39642632
d8dd146a4ec02706,0.5060917,0.38432458,0.27764612,0.36634484,0.3724035,0.39072573,0.32515496,0.35441568,0.4570749,0.43575737,0.4197321,0.33667442,0.4225929,0.5570797,0.40228477,0.3980802
a2b5d0894154024b,0.34345484,0.30626708,0.20183216,0.30327392,0.29731768,0.31233752,0.4396227,0.32093784,0.44739246,0.30265015,0.7026824,0.3365271,0.31991336,0.43221354,0.34063897,0.3793986
e4db108285721f5f,0.8361425,0.40543613,0.34801206,0.34117857,0.39443994,0.5479327,0.24515913,0.24222723,0.25136808,0.2525466,0.37337756,0.22187431,0.3051636,0.36339682,0.3238061,0.34819984
d0f20b8f1f145f4a,0.7574496,0.317764,0.20832294,0.31125346,0.4067524,0.45573235,0.25245747,0.2932099,0.39102247,0.28105864,0.45629218,0.21812682,0.2733496,0.40197134,0.3060826,0.36723325
20685502f84af3c9,0.24865043,0.29135492,0.21608429,0.29437894,0.3012308,0.32379544,0.6448628,0.34549212,0.40832335,0.41678905,0.6655683,0.31725872,0.32202482,0.33372965,0.309217,0.37902594
b32aa793278b5eb2,0.51651764,0.39420676,0.26750383,0.34790784,0.34021583,0.43509603,0.3625886,0.35083634,0.5198046,0.3449942,0.38778892,0.3261191,0.3441435,0.44787198,0.36117756,0.39679402
5485cd4874939fbd,0.8490591,0.41207105,0.31604436,0.32176667,0.378103,0.4822181,0.25845966,0.21293317,0.28933206,0.20757933,0.29485402,0.22068937,0.29675913,0.3303927,0.3022959,0.3396839
91935915a7b3d1a4,0.4905674,0.34082022,0.3993623,0.32167852,0.33109552,0.3371458,0.3548536,0.19199547,0.230237,0.4256822,0.7334801,0.28521383,0.30563107,0.3682505,0.39262208,0.35238984
c9b5bf94ba014dc1,0.7721504,0.40543613,0.3249867,0.40624058,0.41577786,0.7432592,0.2285375,0.26125464,0.3337392,0.23914886,0.29576135,0.24533293,0.30547523,0.3665181,0.3624314,0.36346734
75d2aa2da2763888,0.5716312,0.31381702,0.21024102,0.30114186,0.34816962,0.36395076,0.35280398,0.24621433,0.29410142,0.44267735,0.76464486,0.22180842,0.3328339,0.4230769,0.3442587,0.345431
e3aaddf439264dde,0.40288466,0.29284215,0.25605673,0.28384355,0.28124785,0.33592,0.31171244,0.5084485,0.71268296,0.4229763,0.4052904,0.34036437,0.28806174,0.32062024,0.3275497,0.37454593
ddb23d7cd35a68c2,0.46659586,0.36672363,0.3097489,0.3289863,0.34476385,0.3821603,0.37524864,0.33474532,0.39180568,0.4931271,0.5392365,0.32437015,0.38064095,0.4671013,0.40456125,0.39366516
a03b97950f19a214,0.40405473,0.3156539,0.25195962,0.28080004,0.3284587,0.35671425,0.44236052,0.3260016,0.35624173,0.38302818,0.71302706,0.29621083,0.26138705,0.40504593,0.3065439,0.35779816
224060b93b87fa84,0.38327935,0.3050674,0.3332825,0.28062093,0.34738412,0.33544827,0.35469598,0.26301643,0.29738697,0.65130615,0.6927332,0.2278202,0.30672196,0.3485187,0.4911929,0.34657744
911fa1243f5fbed9,0.7715389,0.37900865,0.30505463,0.34266573,0.5703797,0.51238537,0.22257958,0.29812703,0.34917298,0.24489318,0.33402738,0.23060709,0.3488651,0.40913963,0.3545364,0.4006487
acd220cd25b43158,0.65176475,0.34678838,0.21911721,0.29223964,0.37050092,0.35485297,0.3253115,0.24328876,0.40942928,0.47104317,0.6400757,0.24647987,0.28031182,0.4142475,0.3658302,0.37454593
5aacdb8a189f93b5,0.40806398,0.33755678,0.2867862,0.36946258,0.35575098,0.35130998,0.37160483,0.49049625,0.63773334,0.26580563,0.554983,0.26741856,0.307969,0.4651016,0.34254026,0.40211415
a1d2c90606d53391,0.7117831,0.35147706,0.25008512,0.28321725,0.33425617,0.48051324,0.33126563,0.22203067,0.25531456,0.3631139,0.6860037,0.25590676,0.33518746,0.3744775,0.3091249,0.36214665
1d175717f006459a,0.4861446,0.3181308,0.24455091,0.30567035,0.33986562,0.3256015,0.33408898,0.3586083,0.37060928,0.5463525,0.725567,0.20976253,0.28930306,0.42155093,0.3846784,0.33689725
62633591a2d0e338,0.48942122,0.33337852,0.35680923,0.3148805,0.31169608,0.40320915,0.33597234,0.27599385,0.3447293,0.4937968,0.45467725,0.40937757,0.36559182,0.3696356,0.40561098,0.4529123
518d3da28985d956,0.84065306,0.41346487,0.3993623,0.343715,0.32317692,0.4774395,0.24876823,0.19557704,0.22951487,0.35160914,0.5206023,0.19779691,0.29070002,0.3485187,0.3068206,0.3281148
38223e31bbf78d07,0.39518738,0.35489598,0.34934884,0.3360105,0.3365365,0.4377361,0.29007912,0.5228238,0.45934066,0.43977633,0.43489978,0.4827139,0.3076572,0.36530474,0.45683205,0.4097808
17b153cb1e3b41ac,0.6141185,0.4390597,0.3030701,0.3971812,0.39358273,0.46473154,0.3085927,0.3116046,0.36843994,0.38364568,0.42132428,0.3066099,0.3889018,0.45340502,0.3915649,0.40905258
493f07ab1849d73c,0.38831502,0.35093662,0.25963137,0.31187305,0.39306822,0.35242978,0.33769953,0.31089044,0.3594771,0.80857325,0.50968575,0.23340179,0.36432704,0.35401016,0.53258413,0.3599742
db988a652bc2efb2,0.37722856,0.30100113,0.21582668,0.31673628,0.30664608,0.31272087,0.34729064,0.29111037,0.48148152,0.4074826,0.70731455,0.28129464,0.34398624,0.48486194,0.35705212,0.3683609
7154ab62a920c971,0.6470384,0.43837267,0.40548167,0.3274912,0.41271624,0.4874896,0.25153485,0.37129578,0.33999008,0.27507758,0.2937959,0.3374114,0.3766753,0.41169485,0.36565155,0.38460442
b14324a608915875,0.48696405,0.33083063,0.23430493,0.3302169,0.38499448,0.4607582,0.3693885,0.49564305,0.42975897,0.5987737,0.5192765,0.2894296,0.33346143,0.5255488,0.38591635,0.36826703
19374cffd72cdaa6,0.3510774,0.30811137,0.23010771,0.30496055,0.3168246,0.34354135,0.35658878,0.33415994,0.35285795,0.65130615,0.48178482,0.38289884,0.3822283,0.35122234,0.62358075,0.4446139
323ec9fe51db64e5,0.5706678,0.35012573,0.23977713,0.31938508,0.34825692,0.52532816,0.36622435,0.42921302,0.41496807,0.3237236,0.58439213,0.38351443,0.269178,0.4123758,0.28324753,0.35058215
780599d3fd77b7fc,0.60202396,0.5099464,0.29104048,0.345987,0.36357036,0.38763347,0.3728719,0.32165956,0.3206908,0.56208813,0.61345756,0.2156363,0.29909196,0.4517297,0.35525548,0.38126016
20febdbd2158817c,0.4414923,0.30340496,0.23351648,0.309128,0.29348776,0.36995384,0.36733148,0.41417617,0.5005549,0.43929344,0.52425164,0.44821292,0.33769953,0.37654984,0.3595643,0.38997453
b16a5a9473666600,0.6407282,0.3848553,0.3051965,0.32916215,0.52733815,0.4264378,0.3646432,0.31446663,0.38757986,0.36905676,0.65261585,0.2282841,0.3218684,0.43035504,0.34723967,0.39863104
6a38a06310a6b97a,0.8271061,0.3889193,0.27847332,0.32317692,0.35627303,0.46524894,0.2496902,0.23397635,0.2768671,0.30003995,0.36044872,0.23928264,0.36638248,0.35435846,0.33337852,0.34877196
28536d3c05e98622,0.8361425,0.4028104,0.30321166,0.32881045,0.35662103,0.49696216,0.2485378,0.2747566,0.32159838,0.25940436,0.33356643,0.21832372,0.2750504,0.34686026,0.28679296,0.3181041
51dc68d2055b95a4,0.6345663,0.3184974,0.29027188,0.3351335,0.36478457,0.42182213,0.2935731,0.2243682,0.3206908,0.55122936,0.51530343,0.2538647,0.3488651,0.34388986,0.35875717,0.3721129
65c4cdf2514ddefe,0.3676305,0.31022996,0.33153003,0.44131735,0.341616,0.52615374,0.37556562,0.27599385,0.38820535,0.28534797,0.67400473,0.29196733,0.40020785,0.45424235,0.35516566,0.37753433
bcc2e61c0920d74d,0.6010676,0.4105018,0.4266376,0.36669138,0.3715389,0.4414238,0.33267704,0.2968602,0.31419846,0.36205003,0.5512889,0.27725118,0.383181,0.4790662,0.33955175,0.4202939
1dbe89e4fd68f138,0.81532824,0.48969075,0.3536689,0.36998183,0.34974003,0.5363494,0.26655358,0.24176319,0.28873673,0.2554811,0.34774292,0.24452414,0.33048165,0.36452442,0.29516363,0.34342232
914dab9d05fb543c,0.3652697,0.3226175,0.19299933,0.29437894,0.28920585,0.37023032,0.41410428,0.3833803,0.56666934,0.3508557,0.56609803,0.42589948,0.28496,0.3860266,0.29979804,0.37883964
7efd8eef4a78cc33,0.7886248,0.35633364,0.29671955,0.33179826,0.3691163,0.5605456,0.23978983,0.59172875,0.36580876,0.2949797,0.39896902,0.31163296,0.2636225,0.42883343,0.29423538,0.3314029
e45a23887d2ab05a,0.38781178,0.32663733,0.27050754,0.30682343,0.3194733,0.3351651,0.3659081,0.42310712,0.44032085,0.59229445,0.6359092,0.2278202,0.30734542,0.4760803,0.37269825,0.35315025
887a9f433d37645e,0.53680575,0.3568725,0.27242407,0.3162062,0.34738412,0.3928139,0.29567096,0.34638077,0.40485135,0.45825467,0.38245305,0.39746,0.36021915,0.43035504,0.37047115,0.41559172
8c5ddd62d24e5ee5,0.34904602,0.28884256,0.2684585,0.3456376,0.29918602,0.36524585,0.42515895,0.27833542,0.28442577,0.4442917,0.7323997,0.24008724,0.39622328,0.40009055,0.33246896,0.3632787
ad51331ae4ee13ec,0.54085153,0.3654727,0.80233854,0.5686211,0.34965283,0.44194987,0.27543703,0.26233843,0.38055643,0.22520919,0.34975284,0.30775592,0.23389186,0.33302754,0.34669802,0.31400052
048a6f2685425996,0.349554,0.3274585,0.2639665,0.3185907,0.34607434,0.31252915,0.31194657,0.3063326,0.36349002,0.71240574,0.6138015,0.25945604,0.44703496,0.4339019,0.50449,0.3859027
53fe6e98dba81c2d,0.33921412,0.32855287,0.21145786,0.29544795,0.33206174,0.35903755,0.37318873,0.3255665,0.36704654,0.525641,0.4501612,0.49490768,0.37540704,0.4067524,0.551714,0.44585326
896e2dd040ddbc93,0.837045,0.3469689,0.22358836,0.30833048,0.35783845,0.52846265,0.24278043,0.2676401,0.26609808,0.40230528,0.59393007,0.20476465,0.3483927,0.42239884,0.31758064,0.34390083
8dcd3ce8f75af3f1,0.48925743,0.29107592,0.22834286,0.29998636,0.36001113,0.35671425,0.40228137,0.23404202,0.29156628,0.48278835,0.76938796,0.2293454,0.28015703,0.3758593,0.31657156,0.3574193
b58d7750b42a7f05,0.82770914,0.34208772,0.21383238,0.27829096,0.38155106,0.47109994,0.24608031,0.21898791,0.26029545,0.35130772,0.70731455,0.17831908,0.27033633,0.37637722,0.2931209,0.32093024
161c647df0173676,0.36392006,0.3251766,0.25868577,0.3574907,0.34895495,0.33081716,0.3065661,0.27764612,0.44192594,0.53699464,0.63695014,0.25372878,0.4131444,0.5630174,0.42111176,0.34772286
8224f23eff6b423b,0.47744933,0.3033126,0.2986907,0.3361858,0.3170896,0.35345542,0.3287576,0.25895587,0.26095566,0.5352685,0.7533684,0.20489413,0.38064095,0.40128756,0.3434449,0.34256056
172d497295c628a2,0.42489454,0.3205128,0.21299736,0.30584785,0.31470367,0.36506093,0.34398624,0.50705653,0.53184235,0.43961534,0.38559037,0.36353317,0.32499844,0.4403075,0.38414758,0.4141414
967aee690bba6175,0.51765645,0.33392403,0.24808094,0.3030963,0.36807734,0.39562345,0.3142101,0.34312636,0.38914394,0.44396862,0.45290205,0.43199888,0.3264077,0.42866436,0.37154055,0.41848737
fd0dbc3c48997734,0.33768645,0.3213367,0.34816054,0.34895495,0.35627303,0.40896204,0.38572258,0.3900209,0.5745253,0.56560886,0.53790087,0.30004492,0.26007715,0.39546826,0.40464878,0.3448574
8fc90bfa38823784,0.37722856,0.29098293,0.26437393,0.2751512,0.30416176,0.35727224,0.37493157,0.38276482,0.41322574,0.45711276,0.7066013,0.24654736,0.3143662,0.46176532,0.32864398,0.386644
648bfcfa305407e9,0.7170549,0.37936348,0.40784538,0.3433653,0.36617148,0.53553,0.3406845,0.21589102,0.24881439,0.27259374,0.6638142,0.2877412,0.24907556,0.42900255,0.3066361,0.34246475
5b9e886f09eb5e5c,0.8283121,0.3644893,0.30619046,0.34126613,0.3344317,0.53043854,0.23626533,0.5370402,0.30607513,0.26460737,0.50836575,0.31249648,0.2863555,0.44518498,0.29534924,0.3540052
61ea4da07f8bfb07,0.8355407,0.36699155,0.35083634,0.3451134,0.4690994,0.5558699,0.23917665,0.24821442,0.24240847,0.21203105,0.43538025,0.23620428,0.29116577,0.37706766,0.31243816,0.3657282
309597ef2c36fb82,0.39451745,0.33791962,0.22229005,0.27784267,0.2768561,0.38142893,0.3625886,0.28706458,0.4543269,0.28405964,0.3409525,0.8271765,0.312805,0.25324765,0.31528664,0.35618746
acc5a538d09b31ea,0.86103714,0.45393884,0.4023388,0.35731673,0.34668562,0.57048845,0.23641853,0.24488339,0.23132063,0.22650732,0.2788812,0.22055778,0.31624046,0.33390525,0.33137688,0.33574247
ab2fb5654f07cf82,0.48942122,0.36278942,0.3251316,0.3818956,0.30779865,0.4611042,0.3646432,0.51543623,0.39070922,0.319011,0.5405728,0.44088724,0.30360594,0.3574907,0.29562756,0.3647866
4af6e64e597ef072,0.8472593,0.36216283,0.29981887,0.3199145,0.42511013,0.62005514,0.24531262,0.23515987,0.25655857,0.23921792,0.33833402,0.2408925,0.33455974,0.36409077,0.34136355,0.35931233
d9452f8c533b236b,0.7925809,0.34380665,0.25787607,0.32705128,0.41135427,0.59628475,0.25199613,0.2773706,0.3804006,0.2662994,0.52657676,0.24560271,0.3087486,0.45022088,0.31234625,0.34141064
b92a0dcae9754b3a,0.80017763,0.40263516,0.31460994,0.35383606,0.49493116,0.61264324,0.24631065,0.25289837,0.26036882,0.2949797,0.42435238,0.21976872,0.31827185,0.3851665,0.33701232,0.3527701
f9f4d68eb7e2cde4,0.45736468,0.31840578,0.2897133,0.30149734,0.32608324,0.37611577,0.3104643,0.3634222,0.4507761,0.40324512,0.6782334,0.23754156,0.30127054,0.48055783,0.35363713,0.3764145
a98a11973bec54f1,0.40706202,0.37634492,0.26736748,0.3076214,0.38671443,0.32901743,0.3488651,0.33386734,0.41021967,0.7463118,0.554983,0.22042625,0.3253115,0.39392564,0.5661661,0.41377854
a4797ce3450492a1,0.812908,0.34516257,0.21229143,0.293666,0.42290747,0.63566923,0.26192647,0.33196783,0.3445763,0.28277263,0.43377888,0.26728076,0.35280398,0.4190056,0.3270023,0.3535303
bb62a9ac529d5e79,0.81139463,0.41642317,0.36659425,0.33881477,0.33355415,0.51221865,0.28604528,0.21563348,0.2261966,0.27379957,0.58099437,0.22755522,0.3034502,0.3698087,0.29905728,0.3314029
cddd0156f35a0f5d,0.37790132,0.30801916,0.24475035,0.28661543,0.3223837,0.3047457,0.35075524,0.33973575,0.53620636,0.39061248,0.68741894,0.30403605,0.26447073,0.40128756,0.32545057,0.36252412
abaf55a146ce1e8f,0.73961467,0.3297376,0.1889906,0.2897415,0.39289674,0.43068516,0.26747966,0.3318219,0.45093736,0.6169261,0.3918771,0.24169837,0.329071,0.49262387,0.4588715,0.38181818
f6f6db11ea8ef6c7,0.6715558,0.39684477,0.45285743,0.3774129,0.3682505,0.4605852,0.3333045,0.3533703,0.267717,0.2767836,0.6400757,0.3070395,0.2823254,0.4347457,0.30220345,0.34667292
3b9116263ac1e0c2,0.37689218,0.3087564,0.27091786,0.27164814,0.29509163,0.38817966,0.40786904,0.28220496,0.35701162,0.38333687,0.73131967,0.3051792,0.3256247,0.38877684,0.3139089,0.36101362
fa40f9208187e89b,0.49678406,0.29905728,0.21944045,0.2770355,0.32951376,0.42909384,0.34855014,0.5129852,0.36488092,0.5292436,0.6571594,0.2888665,0.26146406,0.4592601,0.33419675,0.33939588
67c1705ea690a4d1,0.43187362,0.28632686,0.26600558,0.29072312,0.3772403,0.3447608,0.35848257,0.26505345,0.31766847,0.48844847,0.7388892,0.23600386,0.31171244,0.3734407,0.38255426,0.35238984
c5a6667527787bf9,0.37285322,0.29423538,0.23812547,0.30318516,0.31054518,0.34729034,0.42547983,0.29671955,0.51547456,0.39870855,0.63833886,0.3599125,0.29745886,0.3737,0.3189557,0.33805108
a20a2c6977c11f33,0.78161615,0.37056032,0.29545453,0.33583504,0.57500976,0.55764526,0.24807686,0.25949624,0.27849495,0.28950804,0.50935566,0.21674973,0.3078131,0.4274802,0.33701232,0.38386205
88cc661be591d9ca,0.49384046,0.3633264,0.26600558,0.36009806,0.35801238,0.41290376,0.33675733,0.34771532,0.4443358,0.5143786,0.44855022,0.32539004,0.383181,0.53042585,0.41172254,0.37136343
6fcb02d9326683c9,0.8694004,0.40438625,0.32643688,0.32933795,0.33837682,0.536677,0.23266737,0.22645111,0.26749617,0.22350311,0.34141487,0.21832372,0.2796925,0.32423416,0.29572034,0.32307023
5ac6eba35a94ced6,0.3888183,0.3068206,0.1976572,0.2632757,0.29900813,0.34850678,0.3665407,0.3407664,0.57589453,0.5331999,0.35114527,0.56404054,0.26115587,0.26228362,0.4821611,0.43429843
2247ff47a65958d5,0.44563147,0.36296847,0.2562587,0.33916515,0.3233532,0.3828912,0.36733148,0.32759863,0.4211577,0.5301027,0.5186139,0.30976444,0.4157046,0.45122683,0.419203,0.38460442
54179338512c96ea,0.34803003,0.2994277,0.39048588,0.29063395,0.3037179,0.35336226,0.4682164,0.33342868,0.2641864,0.38086915,0.7763359,0.26686743,0.24876823,0.4047045,0.32371464,0.35381526
33119953e9cce659,0.838248,0.42102507,0.2405049,0.30620256,0.4312,0.5135519,0.20810357,0.3260016,0.41370076,0.25143048,0.31108612,0.2423705,0.3126489,0.3804309,0.32307476,0.36854878
8c62c658e1b47389,0.83493876,0.41032737,0.4194294,0.36114028,0.40419218,0.593146,0.22830819,0.3137503,0.28027233,0.2361143,0.28504673,0.28535405,0.29318476,0.3755139,0.32846165,0.33632
ba6e0b0121724957,0.71767455,0.34742013,0.19350173,0.29286373,0.32705128,0.39869872,0.26331407,0.3039201,0.57897854,0.3924765,0.4866859,0.3226241,0.26084763,0.40879872,0.2925634,0.37772086
3d1d61b738756175,0.786493,0.3531873,0.21621318,0.3089508,0.30558166,0.39580458,0.2635454,0.25895587,0.3123904,0.3352828,0.62932605,0.23740774,0.28449494,0.4747522,0.29952028,0.3528652
0000680d77bc8e37,0.48663628,0.33900785,0.27461925,0.38103414,0.3494784,0.45833418,0.36986336,0.28068292,0.39604026,0.3777909,0.57827944,0.30847278,0.4541372,0.4128864,0.40000543,0.4000987
27b0b7a893642be0,0.3285938,0.29720417,0.26030737,0.29687256,0.32053202,0.40932083,0.40946695,0.41021472,0.38429922,0.3797909,0.5963201,0.5329969,0.29924756,0.3768951,0.3396424,0.4132341
63ad7eb0affadff2,0.8310244,0.35039607,0.22015199,0.28947368,0.33802637,0.5269788,0.26439366,0.2965789,0.30923027,0.24892284,0.52358776,0.28971127,0.26848313,0.39563957,0.28081787,0.33632
f5fa3de08b62a778,0.4861446,0.4369978,0.27503145,0.36669138,0.340741,0.3593161,0.37730953,0.36101222,0.5031995,0.41678905,0.42850196,0.4111133,0.37524864,0.44081244,0.38202283,0.42281878
c0ed6ffe2984d3a6,0.38999227,0.33574125,0.26873145,0.33144692,0.293666,0.37151974,0.5479194,0.29953673,0.34319934,0.31798235,0.7098122,0.30446458,0.32593793,0.3501761,0.27847874,0.35666144
ea9f10b72ccd00bc,0.7037072,0.37349933,0.44529653,0.34284067,0.33863962,0.45051426,0.3104643,0.3093212,0.34365824,0.2508031,0.3750962,0.40308893,0.34666106,0.41101366,0.33419675,0.38923517
93a0c655a9a266e6,0.55522233,0.40140843,0.32324937,0.39409706,0.36634484,0.4136193,0.30500785,0.2912502,0.38414308,0.37272727,0.44002986,0.34614652,0.43334886,0.5098776,0.40473628,0.40174794
f474849a7a1c535f,0.53032434,0.34100133,0.23581804,0.32722726,0.3082419,0.3770332,0.40930712,0.4098985,0.44690952,0.25094253,0.67189306,0.31480268,0.29023433,0.40624058,0.27613667,0.38404766
23287401cf71c296,0.551836,0.40508622,0.3404718,0.37361363,0.35922918,0.4053692,0.27466378,0.2915299,0.34779286,0.36585343,0.46892464,0.34599784,0.4771418,0.524735,0.3920936,0.39789647
4e2631f6fb004f83,0.41156894,0.3342876,0.2588208,0.31514573,0.35313925,0.3326146,0.3273475,0.26723123,0.28338656,0.7692115,0.5884754,0.21112993,0.38794783,0.39323977,0.6274446,0.36318445
fee28afbbc2fc91b,0.41357046,0.3154702,0.23122077,0.287509,0.374823,0.3134873,0.33832777,0.24794748,0.3585522,0.69573605,0.67541355,0.22226964,0.29567096,0.40128756,0.44026142,0.32462442
30536faf3adc6bec,0.47580662,0.39420676,0.29377052,0.3672112,0.33863962,0.40248844,0.37192157,0.31017685,0.42752552,0.42807424,0.49553227,0.36066586,0.39654198,0.49493116,0.39350265,0.4086883
8c745b39958b9831,0.8258997,0.36779517,0.19526225,0.2813374,0.43929717,0.5205303,0.2591528,0.23548889,0.27464947,0.3731868,0.64703494,0.19138895,0.29209745,0.3703279,0.31703034,0.33236846
d15a942c3d1ba52b,0.81048626,0.3553454,0.37403613,0.3734407,0.35940298,0.49088004,0.24500564,0.390796,0.37853193,0.2692659,0.3421857,0.25563428,0.32609445,0.45959425,0.30220345,0.32995328
720a9ab7875d883b,0.5753223,0.34832245,0.25679746,0.33337864,0.30833048,0.44580153,0.33220652,0.4356806,0.46680295,0.28162977,0.5779403,0.42062986,0.27721602,0.35948986,0.28081787,0.3485813
21cc008c773cab7b,0.76204944,0.34678838,0.3123193,0.31876725,0.3451134,0.40176737,0.25453416,0.22397818,0.3099822,0.4074826,0.63071054,0.21557088,0.2523037,0.40572867,0.3265461,0.35219964
25d02b35d59261fe,0.61030304,0.34570467,0.24103448,0.30558166,0.34458905,0.34579194,0.33377516,0.2639665,0.40516675,0.5290718,0.6891892,0.21858627,0.3157718,0.3982084,0.39508653,0.3854392
9418022ef331ff85,0.52285814,0.30626708,0.21963446,0.28572163,0.3076214,0.41522795,0.39208344,0.28845772,0.38195917,0.31153533,0.5166271,0.66830283,0.3008036,0.29954174,0.28977343,0.36619866
adca92418d25ca10,0.36375138,0.30312777,0.22521378,0.29713959,0.33741298,0.33959448,0.45187613,0.30207944,0.39290264,0.5716139,0.66346353,0.2700406,0.307969,0.37654984,0.34082022,0.35181928
446e7c491d40fea5,0.37335828,0.30976963,0.27626905,0.2817851,0.2659794,0.37317598,0.3963826,0.2423598,0.39227575,0.24288313,0.34774292,0.85843617,0.30220455,0.27074915,0.29423538,0.35362527
2514916878480343,0.72355753,0.34913418,0.41974866,0.3353089,0.4162878,0.5158819,0.34430087,0.24874853,0.31178808,0.2833445,0.60179156,0.32364225,0.28240284,0.46393442,0.32937318,0.36760926
5ab4f0e71aa6a472,0.8225803,0.44231963,0.28109777,0.33083197,0.41067308,0.6278852,0.2602313,0.25263005,0.28546542,0.2834875,0.3503716,0.23246935,0.30204883,0.35644707,0.33873585,0.3418899
d68db3735d17404c,0.24908382,0.29516363,0.19614388,0.32828283,0.32132575,0.3195091,0.38747087,0.40390903,0.4335934,0.64831674,0.60933405,0.28381243,0.41906723,0.45809013,0.5379549,0.4373305
5211d325acf12804,0.8472593,0.3860931,0.22254959,0.28124785,0.3614875,0.49240318,0.26454788,0.2539723,0.31706455,0.36417854,0.39928472,0.2069684,0.29831424,0.38017237,0.3205128,0.36393863
76d9336db494e532,0.5664904,0.3349237,0.20012182,0.29624945,0.321414,0.39090744,0.35848257,0.3265821,0.34947985,0.76840216,0.59120125,0.2014682,0.3406845,0.42002407,0.44043303,0.37136343
cbb854633e6a2e37,0.42772073,0.28025672,0.2299769,0.29731768,0.3192968,0.3896351,0.35201588,0.23456791,0.32500556,0.51948667,0.7309597,0.21478574,0.31764674,0.32828283,0.2986868,0.33169267
977ff6a73f434bd4,0.35767257,0.31262213,0.25747144,0.34056592,0.3089508,0.32626635,0.45074597,0.40296665,0.5144766,0.3929429,0.624486,0.28746006,0.329071,0.41883585,0.33937046,0.37697455
d92fb6753cadbe2e,0.4769566,0.3613568,0.22553927,0.3547066,0.31691292,0.41950876,0.3203043,0.40926632,0.52314156,0.32889777,0.43890676,0.3658023,0.39017412,0.5538642,0.34136355,0.36929992
488519a29360a880,0.75223035,0.32818812,0.23911613,0.33355415,0.3341685,0.42572862,0.30049235,0.35486403,0.35132173,0.4725265,0.51497257,0.2653533,0.30625442,0.39169583,0.37412217,0.35466975
e81a39cd4287ba3e,0.4217335,0.3001683,0.28109777,0.30229697,0.28402254,0.34981558,0.25314957,0.6053679,0.6522335,0.30919886,0.45370883,0.2939455,0.31608427,0.37136593,0.3112424,0.39311224
7a9c18d86bd4972e,0.30504987,0.2967406,0.3385592,0.287509,0.31770778,0.36653975,0.53900635,0.31203333,0.25941554,0.3055566,0.7858732,0.26439098,0.26408517,0.39169583,0.27050397,0.3478183
acdeed931e0ecf48,0.60202396,0.3813141,0.29826796,0.31753123,0.7009089,0.47607127,0.2525344,0.25868577,0.31103542,0.3907677,0.59086037,0.22016318,0.34524477,0.4023131,0.36957958,0.37772086
305518673c377fac,0.75530136,0.4143355,0.21750268,0.28527457,0.38499448,0.41433442,0.2625432,0.34652895,0.44803655,0.3980841,0.5156343,0.26617888,0.28821686,0.40385064,0.3468786,0.41105413
514c45ef8c91b2ab,0.4390068,0.319597,0.33269796,0.28259078,0.3132003,0.39145243,0.31186855,0.26641396,0.41687065,0.5575243,0.61689883,0.30047184,0.33879897,0.3767225,0.4031607,0.37548056
7ad7afee4dfcd491,0.70277435,0.36708087,0.27681962,0.32247192,0.3798276,0.44230044,0.32954115,0.34430856,0.3447293,0.28764153,0.6231049,0.429266,0.30641025,0.45457712,0.3065439,0.3547646
64b1d66c51f18b8b,0.8583452,0.32827935,0.19557704,0.26841038,0.44770417,0.5324117,0.26069355,0.25679746,0.2920134,0.26983172,0.498488,0.22319254,0.30750126,0.3734407,0.29646242,0.35647184
3fb03f8c97120287,0.39384738,0.34263068,0.24381998,0.33881477,0.28661543,0.37959903,0.43061715,0.44072166,0.572815,0.29440257,0.50013155,0.3480809,0.341156,0.42815688,0.3289174,0.4233592
0ceaed8cd74c9142,0.3136807,0.3180391,0.27544376,0.2929529,0.29731768,0.318173,0.4669199,0.4191103,0.46469134,0.58334374,0.61002076,0.26783213,0.2693324,0.37499574,0.37829864,0.3934808
00904cb12db2008b,0.8430565,0.3564235,0.24688055,0.3144384,0.30167505,0.45242983,0.25414953,0.22658142,0.34121206,0.29008293,0.61862123,0.20237198,0.26331407,0.38241234,0.2787596,0.34294367
1627fdb79a0dd30c,0.5714707,0.37971833,0.29461217,0.35714284,0.38946396,0.48562124,0.31015226,0.33196783,0.41956878,0.3581061,0.3876318,0.3291868,0.3633787,0.48800263,0.39649335,0.39182112
e966b6a96d81d8d0,0.32459372,0.2723834,0.21647087,0.30105305,0.31867898,0.36764786,0.49309286,0.37938666,0.29156628,0.53630394,0.61862123,0.33270374,0.3608509,0.40913963,0.3918293,0.4812791
035c3e6d94ea4ac5,0.35902423,0.31372514,0.2879002,0.30229697,0.2997196,0.34962872,0.50566876,0.27750835,0.4280039,0.2604573,0.51646155,0.6518407,0.30703363,0.28831294,0.3056212,0.4086883
5eb67e1be22650d4,0.7537661,0.37918606,0.6103352,0.47508425,0.3614875,0.48969427,0.23412147,0.25142366,0.25005436,0.2687003,0.47006148,0.20683858,0.3104643,0.42815688,0.29228458,0.29825205
edcb4a8a770d87e5,0.43237162,0.28651327,0.22919218,0.3233532,0.35052484,0.41147172,0.3339321,0.24634752,0.33632863,0.58691734,0.65261585,0.23740774,0.32398093,0.33706245,0.4003563,0.34198573
f789f788a2d72ae7,0.37470487,0.3156539,0.2845622,0.2931312,0.32511485,0.35420096,0.52485055,0.22677699,0.32781133,0.36646295,0.55112106,0.6030123,0.35848257,0.30700076,0.3681521,0.40376085
cf07136dea97f6e2,0.4025503,0.3001683,0.31604436,0.32493874,0.2558713,0.36395076,0.32092986,0.72434956,0.6194825,0.29440257,0.43233857,0.3239333,0.31827185,0.3963249,0.31142643,0.38831028
86c8dc5454800b95,0.82016444,0.35435665,0.2076845,0.30797598,0.36044544,0.4219999,0.23037247,0.27132842,0.35839808,0.3073036,0.52690905,0.23313527,0.41154513,0.55257684,0.35723165,0.39320436
f31c43099206c7b9,0.62142164,0.37243116,0.25457698,0.30886215,0.3739592,0.41594225,0.28790656,0.2805446,0.38476756,0.7487061,0.53223246,0.22009744,0.29831424,0.39426857,0.41763988,0.37809393
5502186186a6d9a3,0.4322056,0.3620732,0.4001447,0.30664608,0.29829648,0.4042896,0.31983522,0.2862297,0.3608653,0.22678077,0.33879593,0.80234724,0.31764674,0.26940012,0.33137688,0.39899808
e2d1ca1f8b8060c2,0.8391501,0.37403318,0.2684585,0.28473806,0.39152414,0.4793188,0.26115587,0.25990173,0.24998134,0.29555696,0.477545,0.21924302,0.30329445,0.3903226,0.3203297,0.36214665
bece14a6d3a01ae5,0.68063384,0.3476909,0.336357,0.3639173,0.4448489,0.63155395,0.23864016,0.41354123,0.46647796,0.28005984,0.40814027,0.25563428,0.26562777,0.4391287,0.31308177,0.32859886
82b95c4c1a469ae3,0.72139114,0.3182224,0.20291065,0.28446972,0.34912947,0.43033165,0.30282733,0.24794748,0.28814152,0.32593858,0.74503314,0.22075512,0.2516886,0.42155093,0.2871658,0.32869565
c6d532d097ecf81b,0.4953125,0.35489598,0.33401364,0.31920853,0.31823757,0.39508012,0.35864034,0.31590083,0.38445532,0.30533838,0.43842554,0.6805976,0.3253115,0.31072226,0.3802504,0.42191762
2bcdc1af0f19a878,0.2987152,0.29507083,0.2895737,0.315676,0.32423416,0.36311764,0.48592356,0.3353311,0.3401428,0.42106953,0.7166038,0.3067531,0.31936616,0.37931037,0.3595643,0.38997453
9b6d48267c76896d,0.828915,0.36779517,0.2706443,0.32009098,0.4207028,0.62405264,0.24823055,0.23430493,0.2804205,0.2823439,0.40988344,0.21674973,0.3264077,0.3779305,0.34525287,0.339492
73f5caf0ba20f2a0,0.8454587,0.37456694,0.29897264,0.3019416,0.3696356,0.47863573,0.2522268,0.3533703,0.28509408,0.22719108,0.46600375,0.2909797,0.28713095,0.4362637,0.30442107,0.35666144
31135ef77e5b8572,0.80017763,0.34534326,0.21235563,0.32581913,0.2930421,0.3872692,0.2684059,0.27805963,0.35116816,0.3146083,0.61724323,0.25474912,0.33032492,0.4797293,0.2984089,0.35343528
8ea48f6db2dc64a1,0.51358795,0.32426304,0.27874926,0.28920585,0.3533135,0.32873312,0.40307912,0.23706989,0.25802317,0.48844847,0.7464808,0.2213475,0.30641025,0.33504575,0.38909587,0.36751524
5522e640e5094b48,0.42738837,0.3091249,0.24914928,0.3614875,0.37413207,0.43262762,0.386994,0.27544376,0.33115312,0.4708784,0.6659193,0.25631565,0.33471662,0.36790416,0.35714185,0.37248752
e9d5e16d9fd67dfa,0.6470384,0.71998584,0.451209,0.49130434,0.3758593,0.48136592,0.3090605,0.22216035,0.28650576,0.25814196,0.3126088,0.3068963,0.28496,0.305138,0.3312859,0.36120263
b77fd93b2cf77581,0.36408886,0.3449818,0.31060493,0.38086182,0.42053312,0.39562345,0.35706213,0.3415033,0.4607986,0.6857467,0.5512889,0.23286884,0.33911315,0.46326724,0.45666206,0.36271277
f049e9f1fdb93bd8,0.77276176,0.40070713,0.30477086,0.341966,0.4108434,0.48647085,0.28093126,0.2887366,0.32432368,0.39154416,0.4601722,0.34733647,0.36559182,0.35957676,0.3813141,0.3831192
3884b10e99c3c1aa,0.6468808,0.29172686,0.19230905,0.2755102,0.31293494,0.3285435,0.3420992,0.31274837,0.5278221,0.36417854,0.69308794,0.2338683,0.2360356,0.39392564,0.28949425,0.34025973
f96e6cc386a282f5,0.82439125,0.34380665,0.2176963,0.30779865,0.37879303,0.5263187,0.26609066,0.39343587,0.36225438,0.25422263,0.469899,0.3053222,0.25615007,0.39169583,0.28558078,0.34313512
d037eb6c8ec22227,0.45554897,0.32362327,0.34756687,0.33179826,0.30442807,0.3764828,0.36290464,0.29826796,0.4687541,0.3049748,0.60110706,0.34659258,0.31467855,0.41203535,0.3117024,0.3814462
d1cbbcece77b8fd7,0.38311133,0.31013796,0.28803954,0.27011967,0.32652333,0.32607636,0.3534345,0.3354776,0.31600812,0.5879911,0.7316797,0.21792999,0.31663105,0.5156024,0.46616077,0.36732727
913f3a474bb8eba6,0.8502585,0.43079805,0.38368815,0.30291873,0.463434,0.5370046,0.21122295,0.24355432,0.24081026,0.19785471,0.32054207,0.21570176,0.27512768,0.35662103,0.30515972,0.33910784
b70aa7a4063f0d2c,0.48974872,0.33119485,0.25841576,0.31691292,0.28786632,0.3899987,0.32265067,0.49015403,0.53184235,0.31080472,0.4224395,0.3654995,0.3339321,0.46159834,0.3105982,0.36252412
a13819cf46daf11d,0.5413367,0.34263068,0.75223047,0.44501692,0.30087525,0.3409113,0.27056804,0.3318219,0.3685948,0.26969025,0.3271221,0.36837983,0.26115587,0.32916215,0.3620732,0.3145875
47ef8c3d22c08803,0.68906766,0.7918018,0.28664708,0.42561817,0.36877003,0.47247306,0.26547348,0.25868577,0.2755362,0.2694073,0.34341955,0.24438941,0.3416276,0.33565974,0.33265093,0.3551442
985edf2db8b56cb8,0.78039604,0.36099842,0.2292576,0.33776352,0.30735543,0.44999138,0.29831424,0.2141537,0.284203,0.33290333,0.66346353,0.21491653,0.3518583,0.3922106,0.28567404,0.34437925
bfe58816433c1168,0.3250194,0.3191389,0.21956977,0.30806458,0.35662103,0.31635788,0.3900151,0.2948929,0.45497313,0.6792513,0.63313526,0.25890923,0.3678061,0.40367985,0.43010783,0.3647866
17af9a6f419955d1,0.84605896,0.4400898,0.33459893,0.31956154,0.4115246,0.5033534,0.23327959,0.23786144,0.26808518,0.24621178,0.3377183,0.23207,0.2781445,0.33329087,0.35525548,0.35798752
fd578b199c9ad5d5,0.4583547,0.32827935,0.32832548,0.2920612,0.32740322,0.40338933,0.34650362,0.2823435,0.45319644,0.47203183,0.55733675,0.3761498,0.32546815,0.3445017,0.39121243,0.38997453
2affcf5a5837881f,0.48942122,0.34922436,0.42102677,0.41985437,0.6217759,0.51654696,0.34650362,0.31203333,0.41972765,0.32342863,0.5432475,0.2504705,0.33173606,0.38378978,0.36672363,0.42047444
5efcff233d9f7205,0.41240305,0.2849278,0.18065546,0.26399696,0.27658698,0.34672865,0.4133044,0.4508796,0.57726467,0.3585605,0.57218146,0.4082744,0.2626973,0.36322334,0.27660534,0.3528652
cc83bcda1ec0fc82,0.4419892,0.37687796,0.27448192,0.34755874,0.35366184,0.3729921,0.3488651,0.35680923,0.43327352,0.52701235,0.5063871,0.28971127,0.38794783,0.53091305,0.4068349,0.39071342
6ae4ee0b64a48b9a,0.8478593,0.35848808,0.2844234,0.3024746,0.47275856,0.5763875,0.2324378,0.24435149,0.29335544,0.22009802,0.2883616,0.23847869,0.2899239,0.33793873,0.33664924,0.34848592
8107b70c311f2303,0.43850952,0.40980393,0.37647843,0.39358273,0.32229564,0.39290455,0.40563306,0.2742073,0.3369384,0.31783548,0.510346,0.428945,0.45123026,0.4682671,0.40070713,0.4321538
4fde64b90eb14c02,0.35446084,0.29979804,0.17762715,0.27452278,0.30620256,0.37050673,0.35706213,0.38893688,0.58412856,0.5470482,0.5299021,0.34466085,0.26369962,0.38310114,0.35848808,0.38367638
b4412a058fe0a323,0.7226292,0.364221,0.32165956,0.3803448,0.39666748,0.47109994,0.29271874,0.29180965,0.27383697,0.3606835,0.61173856,0.1972185,0.28651056,0.43001702,0.34063897,0.3596906
4b3f44c258b77d03,0.34548888,0.31207034,0.30989152,0.3076214,0.36131385,0.3896351,0.43736947,0.32382813,0.24706523,0.37825218,0.7511914,0.23047419,0.34524477,0.48006073,0.32991987,0.3879402
ce1f58fd02520e75,0.37201124,0.31013796,0.2757188,0.29705065,0.31249258,0.30262458,0.34052736,0.24435149,0.3441172,0.58441484,0.7316797,0.23220313,0.40323874,0.43592644,0.3620732,0.3540052
40d0ba1f5d7e4070,0.4697232,0.3873301,0.2523618,0.3533135,0.34144107,0.37785843,0.3573777,0.3449001,0.5201381,0.4331915,0.39471143,0.39948934,0.42179134,0.4725923,0.41833475,0.40741268
2fdeea840a0542d0,0.518307,0.3613568,0.23693806,0.27011967,0.3403909,0.32331976,0.36875543,0.33196783,0.34947985,0.5908586,0.71195495,0.20865694,0.28558013,0.43811792,0.44796774,0.39789647
923587a94e41e2b8,0.69281054,0.43286693,0.25949624,0.30336273,0.65472853,0.47692657,0.23955986,0.2562587,0.3252329,0.31783548,0.4095664,0.21674973,0.37398082,0.3836176,0.38944873,0.39513847
b2435f137ad91e14,0.5487697,0.34045786,0.25639337,0.31169608,0.3289863,0.40608853,0.33738542,0.31274837,0.4952758,0.53699464,0.52491575,0.28143433,0.3157718,0.35575098,0.33891723,0.3474366
eac47076d1bba3f6,0.5950055,0.31381702,0.26736748,0.29063395,0.31664792,0.3697695,0.30282733,0.33138415,0.43967918,0.4129956,0.6571594,0.26137236,0.27953765,0.44619295,0.32809693,0.35647184
13d06ebc835b0983,0.7040182,0.7217392,0.2845622,0.41662762,0.33846438,0.4485962,0.2961373,0.24541552,0.31495228,0.29512396,0.48227453,0.21911165,0.3728719,0.38997912,0.31225425,0.36986303
606a4c0efc67f1d1,0.34430245,0.32846165,0.24448445,0.28026262,0.345987,0.31434906,0.40084583,0.33313635,0.36333555,0.76840216,0.60556,0.20133917,0.27984732,0.3675577,0.46226558,0.35599786
0b6019b50f029e5d,0.78984255,0.39904028,0.27613148,0.32705128,0.340916,0.43086186,0.24677132,0.44923437,0.32417214,0.38642806,0.5654231,0.23513572,0.3287576,0.55884653,0.34904397,0.3654458
8627fef387ddc1ff,0.75530136,0.35327733,0.27640665,0.3097481,0.3654781,0.41647783,0.28015703,0.41783452,0.49297035,0.29570132,0.5755675,0.26466587,0.26053938,0.43069306,0.30044588,0.3808881
728351f5f8373a66,0.71550506,0.34254026,0.20589925,0.3097481,0.37274933,0.44265088,0.30968434,0.30448717,0.44112325,0.29137728,0.64320505,0.30104125,0.28201556,0.38017237,0.3038669,0.385161
2b612adc389e1023,0.44463843,0.3238061,0.27971557,0.32669935,0.309571,0.33431545,0.40387708,0.28553453,0.4582074,0.3424473,0.7005472,0.29140288,0.32139912,0.4144176,0.30118614,0.3670452
a31b44d58233757b,0.5624696,0.3494948,0.26641396,0.31399632,0.34790784,0.4073464,0.36448509,0.22397818,0.30953103,0.43303132,0.67189306,0.26810792,0.28325504,0.374823,0.34317353,0.35779816
03f7084bf29b3969,0.45488855,0.31583744,0.24448445,0.2811583,0.3798276,0.33601436,0.3652756,0.2628808,0.32341483,0.5505316,0.72054374,0.21838932,0.3142101,0.36530474,0.37154055,0.35798752
28ab6a987eb80d15,0.56423914,0.3182224,0.24508291,0.30407298,0.32581913,0.41558513,0.37413934,0.3332825,0.3084786,0.3632659,0.76829267,0.2735009,0.25722778,0.41577786,0.29655516,0.34953448
b5c4136d186b1cc1,0.3064183,0.31703034,0.23181053,0.29393336,0.36582485,0.29972732,0.40946695,0.3192079,0.5979231,0.6041955,0.5792972,0.28465307,0.26639926,0.35139665,0.4101529,0.36742127
dfc178038c62ab27,0.7080578,0.3398236,0.24448445,0.3117846,0.35783845,0.48664063,0.31749043,0.3880086,0.37386778,0.3055566,0.5245837,0.3249528,0.2831776,0.44333595,0.28632686,0.34695935
7d2af04058c0eeb4,0.37217966,0.33210504,0.2475472,0.29998636,0.32070848,0.3285435,0.4812051,0.33007208,0.38695455,0.36357006,0.7230542,0.27087,0.29349542,0.40692297,0.29729688,0.35362527
b2154e199c3f590c,0.39619222,0.331741,0.28068292,0.3132003,0.3365365,0.33950034,0.33565837,0.36825994,0.43439308,0.3980841,0.65890896,0.29706165,0.3573777,0.42409372,0.3604608,0.3711759
3d08858bd770123f,0.8358416,0.35866752,0.24302326,0.3053155,0.35104796,0.4712716,0.25361103,0.22105846,0.31013265,0.33008334,0.60727483,0.20424683,0.29691467,0.3813788,0.30737388,0.34112298
a98fb0569c0840bf,0.5042971,0.35992298,0.26478156,0.42002407,0.32810694,0.4209328,0.32296363,0.3153269,0.43439308,0.36661547,0.442599,0.33329108,0.52978325,0.56413925,0.4101529,0.41541046
33032f5deb7eb7c4,0.3940149,0.31004584,0.30363667,0.2948244,0.30167505,0.41576374,0.42981398,0.5210601,0.54091626,0.31930497,0.6004226,0.30089888,0.2740453,0.38430613,0.29757494,0.33708963
624e02f6b01cdeda,0.52350795,0.3139089,0.7517965,0.5488718,0.34284067,0.42679217,0.26215774,0.30321166,0.39431393,0.27507758,0.37603417,0.25563428,0.25453416,0.36400408,0.37100595,0.32268137
7a5e393592a2d046,0.72108155,0.40018094,0.24888213,0.3237056,0.33320308,0.4096795,0.29831424,0.29714158,0.40879726,0.33379513,0.46892464,0.38582626,0.30999634,0.40641117,0.31105834,0.3488673
7898bca7f8fe5516,0.31171677,0.3181308,0.2588208,0.33091986,0.35139665,0.37831673,0.53422755,0.33065498,0.29783544,0.4937968,0.64042324,0.26893577,0.40419632,0.42087248,0.42024443,0.45519814
8d62900180f6b677,0.31043547,0.30691278,0.21370387,0.28965223,0.29009852,0.33450437,0.47356942,0.304629,0.4985737,0.30774072,0.63452184,0.4918469,0.2854251,0.3153225,0.32060438,0.36713928
2eab97991654c6f2,0.8013917,0.413639,0.35292265,0.3574907,0.38585457,0.46507645,0.2653192,0.2773706,0.27568403,0.41473293,0.364647,0.19696149,0.35311913,0.48767224,0.39350265,0.35523912
a8c4e8bad97f757b,0.7065045,0.38361663,0.37877366,0.3691163,0.34930393,0.45573235,0.27628773,0.34003007,0.40264502,0.3023599,0.45693848,0.27836505,0.29536012,0.4657684,0.2967406,0.3373781
211f569ab7cd00f9,0.529189,0.46022996,0.3267272,0.35644707,0.39700997,0.44370186,0.40515414,0.46949026,0.47494486,0.35992488,0.4310591,0.30218112,0.3659081,0.4418221,0.3311038,0.37650782
9488bf2226f3ab4c,0.3750414,0.3361045,0.24209464,0.3303927,0.31249258,0.36302498,0.41234475,0.37969327,0.5308366,0.50624454,0.4553231,0.33446664,0.35327688,0.44636092,0.41572747,0.4002821
1d9a19659c57e7e5,0.7797858,0.38397065,0.53739804,0.47641227,0.35940298,0.53798676,0.24116983,0.26450977,0.31103542,0.25198847,0.35548252,0.2028242,0.29520467,0.3946114,0.28614032,0.32966316
dafccb02c09cef4b,0.45620936,0.32837048,0.22775537,0.29785162,0.31364256,0.42714655,0.4552683,0.3267272,0.35685766,0.37089077,0.6761182,0.28437275,0.31296107,0.4344082,0.3009086,0.36873662
cd156ae8aaed4ee7,0.407229,0.3597437,0.23562053,0.2830383,0.33706245,0.3230343,0.3256247,0.4094243,0.46907946,0.77326477,0.39534175,0.2667297,0.31483468,0.34581226,0.6224974,0.41450414
b75f3b6ef9311391,0.36543834,0.33555964,0.24528249,0.26841038,0.27308586,0.3828912,0.4064315,0.3063326,0.48066324,0.30439323,0.36029342,0.7766956,0.29458308,0.2545146,0.32097054,0.38997453
996f5cc45f262122,0.7139546,0.39912808,0.33196783,0.33846438,0.38946396,0.5397857,0.2755144,0.31504005,0.3445763,0.36570108,0.42546883,0.2404898,0.3140539,0.47209358,0.33119485,0.35704044
a2f2e5d96c13dc0e,0.4789272,0.29877943,0.23181053,0.27829096,0.315676,0.32674104,0.29070002,0.40186822,0.47461858,0.5592779,0.74720496,0.19407523,0.27373606,0.4898191,0.32535923,0.33708963
799020193a85de33,0.3615573,0.33037528,0.23364784,0.31160757,0.3703279,0.3939927,0.3430426,0.38940132,0.47559762,0.7879463,0.4543544,0.2595928,0.31030825,0.4052166,0.43854445,0.40339506
51fdb041337dde6d,0.406895,0.34389704,0.22566944,0.2982075,0.28500634,0.36413586,0.40563306,0.30619046,0.45675138,0.3171013,0.5299021,0.49865988,0.34225637,0.4047045,0.32060438,0.3629958
e68e76b93f676548,0.81048626,0.3896252,0.35411686,0.36200833,0.42036343,0.5314255,0.25838268,0.23128623,0.30502456,0.30613866,0.32834828,0.21086937,0.3336183,0.36478457,0.3507565,0.35381526
0671181d891a3368,0.48450544,0.3265461,0.21659982,0.32881045,0.3903226,0.48443118,0.3328339,0.37663132,0.4572366,0.28749806,0.57251984,0.31077012,0.28759632,0.39049423,0.34434915,0.4188489
7fd47684ea466fe9,0.62284905,0.3772332,0.28386825,0.33408073,0.340916,0.5392953,0.30563107,0.3583082,0.37417838,0.2418447,0.43329874,0.35630414,0.3065661,0.39615357,0.29070386,0.3678912
202769697f1c5f24,0.3286789,0.3043287,0.25733665,0.31576434,0.30753273,0.33129033,0.40212184,0.49220902,0.4543269,0.47549787,0.7016146,0.23300208,0.30103707,0.4679341,0.36565155,0.36967534
aa6fdd7bc0e5c3c9,0.828915,0.37243116,0.24342154,0.31417316,0.41594782,0.551502,0.25184238,0.2495502,0.28814152,0.32993504,0.45048344,0.22187431,0.33236334,0.40913963,0.3224346,0.34762743
1e87e0921b63f5b2,0.7383818,0.37741083,0.3929695,0.39255366,0.3494784,0.447898,0.24446844,0.3051965,0.3269009,0.37027916,0.52358776,0.25019944,0.33785656,0.46042952,0.3301021,0.34208158
8d7fb7b00104463c,0.3876439,0.30183357,0.22021672,0.3057591,0.31187305,0.38014823,0.37937152,0.29377052,0.34289342,0.4315903,0.6543624,0.3142257,0.33236334,0.48651543,0.33973303,0.38070196
abc42bf82207d32e,0.30599073,0.28315413,0.25733665,0.3030963,0.35096082,0.3687552,0.49309286,0.32108214,0.33282605,0.53630394,0.6796444,0.22914635,0.31920975,0.39272523,0.37029284,0.3721129
7d14635038f8e2f9,0.3085556,0.2849278,0.21956977,0.28106874,0.2931312,0.320558,0.3990918,0.40077105,0.56326276,0.5897826,0.556664,0.38829762,0.25314957,0.31240407,0.36117756,0.35798752
ee2174a73310a7fb,0.83162683,0.38856632,0.30989152,0.33741298,0.3698087,0.46386874,0.25314957,0.24103448,0.26580384,0.3073036,0.4329787,0.22082095,0.30329445,0.38671443,0.34434915,0.36497498
9e3e1b1d9f031599,0.8439575,0.3853859,0.3687147,0.3319739,0.32493874,0.5286274,0.2585367,0.25195962,0.2561194,0.2287652,0.35532743,0.3024663,0.31342942,0.37223062,0.3180391,0.35666144
3693ba1e6c4b7700,0.7565291,0.5077988,0.5947449,0.48932385,0.32529092,0.5289569,0.22609219,0.267095,0.305925,0.24892284,0.32650927,0.23821084,0.27025908,0.3860266,0.2927493,0.30260125
d9777462da14fe2e,0.3814314,0.29321378,0.3398829,0.31205004,0.34790784,0.41469193,0.32077348,0.38399613,0.3206908,0.4046561,0.74792933,0.25454497,0.2738134,0.46443474,0.3361045,0.3339119
969ba75878aa241d,0.3784058,0.30488274,0.22540903,0.31098786,0.30504927,0.31731346,0.33974162,0.29180965,0.37588766,0.4535302,0.7457569,0.24816887,0.37398082,0.48155174,0.37616712,0.36948764
1782f88f77a15018,0.7660316,0.39561418,0.37312183,0.39341125,0.35505483,0.49426225,0.24354762,0.28581256,0.32765955,0.34589425,0.49783078,0.2470876,0.31077626,0.45223236,0.31758064,0.33535728
427cee69f9ab76aa,0.45488855,0.3028505,0.39188212,0.28250128,0.30203047,0.33761707,0.41906723,0.21995789,0.26066223,0.46070474,0.74792933,0.24938668,0.29209745,0.36409077,0.3433544,0.3629015
8d9f3b4af89b47f0,0.74977183,0.31400082,0.22762483,0.26588935,0.39289674,0.46283263,0.30500785,0.23825747,0.241246,0.29209694,0.7062449,0.24992849,0.26856035,0.3923821,0.314552,0.35153392
e4cf706da06e3f6f,0.84605896,0.36171502,0.29503325,0.32951376,0.36027175,0.50016147,0.2413232,0.27215004,0.26337826,0.30628428,0.57218146,0.22411634,0.30391747,0.4167976,0.3105982,0.33833936
4579f555516bc7a9,0.36273885,0.3141845,0.2731095,0.33372965,0.34266573,0.3386532,0.36622435,0.25289837,0.40911323,0.4698906,0.6991247,0.2686597,0.38556373,0.44114906,0.35884693,0.3615803
1513af3084881601,0.71147287,0.3297376,0.295876,0.31576434,0.35401016,0.47778136,0.25576526,0.23135178,0.27620155,0.5235866,0.5667733,0.2308729,0.43559995,0.3718848,0.5408776,0.37772086
7e64931ae757d5c1,0.7657254,0.3505763,0.23377922,0.28232226,0.33109552,0.40878266,0.30750126,0.23825747,0.32296056,0.28735462,0.6743568,0.29862326,0.26902357,0.3872302,0.28464782,0.34256056
05f5f6e15c986c33,0.846359,0.38042766,0.21711563,0.30442807,0.39752367,0.5629579,0.27535966,0.2446174,0.25860932,0.26566464,0.5694759,0.20839694,0.2885272,0.3868863,0.3219772,0.3560927
ae435f99c6f284e3,0.42389658,0.38944873,0.27215004,0.3692894,0.3971812,0.39725235,0.3501251,0.38168868,0.47086987,0.4958078,0.42546883,0.30761263,0.35864034,0.5538642,0.44933423,0.39752916
bcec873d613d007a,0.3953549,0.32809693,0.6230465,0.36686474,0.34581226,0.44282615,0.48039216,0.2554511,0.21684955,0.34080198,0.7511914,0.25863585,0.25953797,0.38929218,0.33782893,0.34915325
6c9fa81d6c70b051,0.5489312,0.31886402,0.2027837,0.2830383,0.32757917,0.3556908,0.3187408,0.4045378,0.39651135,0.48478338,0.74467134,0.21439339,0.28604528,0.49047932,0.31684685,0.3464819
feee6c55f04ec386,0.3710007,0.34443945,0.23733367,0.33285195,0.32282448,0.40221813,0.36385283,0.55763334,0.5048541,0.52769846,0.53656596,0.29210848,0.34052736,0.49871734,0.3609088,0.39126745
a14b339fe4431160,0.40639395,0.3136332,0.27516884,0.30203047,0.30788735,0.31454045,0.31522512,0.27695736,0.38617325,0.6338299,0.6320959,0.24425466,0.3815933,0.42256835,0.49685618,0.374359
5d9e32400a22005b,0.7133344,0.3475104,0.20291065,0.3023858,0.3520938,0.3584803,0.3573777,0.2669587,0.3577818,0.31974614,0.6966373,0.24843937,0.2772934,0.4053873,0.3015561,0.35912314
ed7f01a860597184,0.47301272,0.3005385,0.26328778,0.29927492,0.28563225,0.3867227,0.356431,0.48469386,0.4475534,0.4114181,0.5449207,0.40544286,0.31155643,0.4026549,0.3309217,0.38719967
76dbfaeaf38fe728,0.8670127,0.3834396,0.29897264,0.27335533,0.38654247,0.5264838,0.21708785,0.2747566,0.27568403,0.26221415,0.33971992,0.23127176,0.2755144,0.36478457,0.3243544,0.35419503
fbd1f4da0d1ffce1,0.8424558,0.3772332,0.33577067,0.35348767,0.3879177,0.535202,0.23726107,0.23469943,0.27007428,0.2857777,0.42994002,0.22438048,0.3287576,0.3827567,0.32818812,0.33227193
d4c0eda9918e723a,0.4353588,0.34525287,0.21126561,0.3574907,0.35244235,0.36311764,0.37065482,0.30024233,0.34335226,0.511662,0.50177616,0.34258458,0.520252,0.47956353,0.55010086,0.46395156
7e327c27aeb07745,0.78984255,0.39174122,0.30024233,0.34004068,0.3302169,0.5282977,0.26084763,0.32730806,0.42481673,0.25506148,0.44243824,0.34629515,0.27025908,0.4108434,0.29107592,0.34562212
b11a2f11c4a7b17c,0.3060762,0.27275905,0.26600558,0.28545344,0.28232226,0.342133,0.45042315,0.31575733,0.47527114,0.39870855,0.6708379,0.4195153,0.28077644,0.37879303,0.32946432,0.33439386
505dfeaab08b7b5e,0.86462355,0.3401861,0.22092889,0.28250128,0.432889,0.52879214,0.22448823,0.22801644,0.2533403,0.24774037,0.475265,0.17743716,0.25976905,0.34231594,0.28995958,0.3446662
e652e04f2c10a9d0,0.85654956,0.38997802,0.28985295,0.33320308,0.413567,0.60113525,0.23473386,0.23529142,0.24626409,0.24392238,0.3556375,0.21400122,0.32124272,0.37205777,0.34136355,0.36685717
dc61a6ba26efd027,0.75898355,0.38202283,0.26152548,0.31611782,0.45290253,0.47384486,0.23205528,0.35740852,0.61180747,0.2773528,0.37978953,0.22874829,0.27675188,0.40794626,0.32471988,0.39403364
a4ce62518df43dcc,0.53988093,0.3813141,0.37236056,0.37965518,0.3360105,0.42652634,0.30921647,0.34253582,0.39258915,0.35719758,0.46195257,0.30933374,0.3909696,0.4969073,0.37758845,0.39863104
1ac1018705152a27,0.8222783,0.39420676,0.3037784,0.35313925,0.39581102,0.551664,0.25545746,0.25895587,0.29097024,0.2834875,0.42435238,0.22649582,0.31592798,0.39700997,0.31243816,0.3395879
0879144eefac9eeb,0.8080631,0.30995375,0.20284715,0.29687256,0.3937542,0.48613107,0.24992076,0.27228704,0.3323697,0.326382,0.6248315,0.21688077,0.28433996,0.4636008,0.30211094,0.35533395
ca8b9955b1020920,0.8126054,0.32499394,0.22501858,0.2545146,0.3724035,0.42182213,0.2707225,0.27448192,0.3135956,0.31886393,0.66697246,0.24911599,0.24047978,0.39203894,0.30192605,0.34772286
70001050f6f5fc91,0.796533,0.38202283,0.40077105,0.36790416,0.5288012,0.5392953,0.23948325,0.29363036,0.23645814,0.23625204,0.48881266,0.21819243,0.30485207,0.45524666,0.3475104,0.37744102
c6432667aa46e896,0.71209335,0.33692154,0.2274291,0.2920612,0.35940298,0.43156838,0.31764674,0.28386825,0.4216346,0.34214804,0.5392365,0.27516598,0.29878092,0.40982124,0.3142764,0.3527701
77ab5ae2de2d1764,0.8219764,0.36743805,0.385229,0.33986562,0.42866436,0.5402759,0.23305003,0.21524723,0.2745017,0.22664405,0.30379087,0.25196257,0.3168654,0.33697483,0.3181308,0.34093127
0e0048d2947462b0,0.4530718,0.31372514,0.22671181,0.31072226,0.33302754,0.3932674,0.39478981,0.294051,0.27265573,0.38642806,0.76938796,0.26055065,0.29101056,0.47491825,0.3129898,0.3595015
5325c0eb8dbe3004,0.85325545,0.37456694,0.27338383,0.31470367,0.33758828,0.53043854,0.24308729,0.23404202,0.24699241,0.28778502,0.47396317,0.2213475,0.3242157,0.3715389,0.3146438,0.33178923
48d359af4335d383,0.76878625,0.41102502,0.46313792,0.41577786,0.47790548,0.6687301,0.2555344,0.28095943,0.25093007,0.2171092,0.32528397,0.24911599,0.32922775,0.38671443,0.3363769,0.37267476
73fb53843d6c8f1a,0.4062269,0.31968862,0.30108976,0.33811405,0.34117857,0.4069871,0.41986823,0.2725611,0.37790942,0.29555696,0.66908014,0.34510633,0.30485207,0.37413207,0.33037528,0.38423333
ff5d90b9221f9380,0.51391363,0.35219738,0.21351112,0.32458645,0.32247192,0.401587,0.32515496,0.5101911,0.5968854,0.38658276,0.383237,0.30132613,0.30220455,0.4436723,0.32882634,0.38107413
65d6308d806df22b,0.48155317,0.34570467,0.20526256,0.32740322,0.34004068,0.41754827,0.312805,0.41195583,0.49478158,0.34634456,0.4440453,0.34421557,0.3246853,0.44518498,0.33855447,0.3792123
6b784c94c16e2cad,0.38697276,0.3624314,0.29139,0.36096653,0.3922106,0.39996305,0.514347,0.34979486,0.3927459,0.42536357,0.56070286,0.36111808,0.37968883,0.35992426,0.41798735,0.45818105
bfbe998a5a2ab9ce,0.7024633,0.41763988,0.69299513,0.48717654,0.5116782,0.5607066,0.23060188,0.21299736,0.251222,0.19758753,0.3053089,0.2410268,0.2622348,0.32282448,0.34823227,0.3395879
6a1a9480eb9e55bf,0.5150531,0.3222517,0.20915358,0.2753307,0.28804496,0.39797577,0.40403667,0.3426834,0.42386156,0.30294052,0.5057278,0.54966444,0.3270342,0.382929,0.30044588,0.36129698
e73a2ca0a2097c44,0.43021291,0.28697938,0.19519934,0.27936655,0.2747921,0.41039667,0.42547983,0.34120846,0.43407315,0.309053,0.51993924,0.64369255,0.27876368,0.30868495,0.29181978,0.35257998
880a37c17f3c8336,0.34684435,0.29507083,0.41401738,0.2820537,0.31452686,0.35522544,0.47925428,0.294051,0.23638564,0.38318256,0.7936016,0.24371597,0.2523806,0.40982124,0.3141845,0.34877196
4e19eb5a5e2a9e54,0.700908,0.33646768,0.32296008,0.2920612,0.32203117,0.4299781,0.31920975,0.22410814,0.21283688,0.28020248,0.75445753,0.2136092,0.26130995,0.3825845,0.2931209,0.33256152
f020220579003385,0.31521702,0.31675512,0.24608117,0.3065574,0.32070848,0.39018053,0.48576084,0.4469354,0.39572632,0.32107064,0.6076179,0.44364896,0.3441435,0.38086182,0.29952028,0.42785373
27906d6889fba8fe,0.47712085,0.39825022,0.3415033,0.35696897,0.382929,0.4119194,0.33769953,0.38630903,0.3540878,0.3741063,0.55296737,0.3261191,0.43254524,0.50364715,0.41798735,0.4467378
01851b52be0c02e0,0.342607,0.27941474,0.29798624,0.26760033,0.29188287,0.3035891,0.4737317,0.24541552,0.2773109,0.5052311,0.7752377,0.33050427,0.27876368,0.36669138,0.3174889,0.3367048
fc31f506f0d0a048,0.40204868,0.30174112,0.2772328,0.31435,0.2890273,0.3281642,0.4225929,0.34920022,0.50187683,0.30570206,0.67541355,0.3249528,0.28713095,0.38310114,0.2885632,0.35722992
5bfe9c46b8e8d3da,0.84065306,0.38856632,0.28859717,0.29589322,0.35348767,0.44247568,0.2636225,0.21203488,0.29171526,0.29786882,0.53623235,0.22755522,0.30968434,0.33372965,0.3112424,0.35798752
27892ed18ac42357,0.44728604,0.31188637,0.26573342,0.30496055,0.31364256,0.36653975,0.35091284,0.34697363,0.5111535,0.59157634,0.4768934,0.35570398,0.31311718,0.36409077,0.39543837,0.37379783
68e77a79d6a7cc2b,0.7124037,0.31987175,0.17676376,0.2538812,0.30389544,0.39580458,0.26084763,0.4202277,0.636324,0.5130197,0.3451171,0.31740332,0.24577323,0.3529651,0.32946432,0.36535165
832ed3d77c8b9b1c,0.7907555,0.37349933,0.3767842,0.3758593,0.34179106,0.46041214,0.23572925,0.28650796,0.3290259,0.38148564,0.436021,0.25849926,0.3301682,0.4323824,0.3405485,0.3262738
512a7ec6610ebb9f,0.841254,0.35084662,0.22645111,0.3185907,0.4355892,0.52978015,0.25214994,0.34756687,0.28338656,0.31226632,0.46535507,0.27599955,0.34461543,0.402484,0.35624385,0.38831028
2925f4d4ae9a5ffc,0.64609253,0.32545057,0.20902576,0.3023858,0.33776352,0.3711515,0.25622705,0.3054804,0.62123066,0.39340943,0.4419565,0.28816304,0.2775255,0.41135427,0.31574562,0.39789647
f9ce6cb18667ff40,0.7861885,0.37980703,0.23010771,0.32705128,0.32564312,0.4984786,0.20764728,0.3637238,0.6240307,0.2661583,0.3197781,0.21773317,0.2537649,0.34686026,0.28977343,0.35770348
84307cf8c1cc6c14,0.43668568,0.32490256,0.28026822,0.29544795,0.2720076,0.3841695,0.29489383,0.3030701,0.35485676,0.2304784,0.29969695,0.8657925,0.31499088,0.2774839,0.30691278,0.36346734
1afb38872a9a9bdb,0.81532824,0.38786,0.3407664,0.3739592,0.35157093,0.5256584,0.22914909,0.28165123,0.33541435,0.29469112,0.36495826,0.23673895,0.3153032,0.4195149,0.31501114,0.3418899
45073f62e834c842,0.47597098,0.34940466,0.2490157,0.31629452,0.29758462,0.44177458,0.40770933,0.33065498,0.47038147,0.24676749,0.48652238,0.64756584,0.3157718,0.35244235,0.29386398,0.35181928
f1b75b15e2a4dfba,0.63092804,0.33864522,0.21659982,0.30096418,0.31514573,0.3329927,0.3168654,0.3203608,0.53856003,0.47384623,0.5633991,0.25427282,0.26879197,0.39872187,0.29562756,0.3551442
4dcab9d5dbf8aaf0,0.41607103,0.3028505,0.25370374,0.30336273,0.33091986,0.35494614,0.26879197,0.30775452,0.33999008,0.5432263,0.6320959,0.2399531,0.5522177,0.45206478,0.59723264,0.40357798
82d271fbbbd33f0c,0.46214768,0.36618766,0.2490157,0.33706245,0.32247192,0.39707145,0.39781666,0.3565097,0.52414364,0.36646295,0.45774648,0.3533066,0.34855014,0.42917165,0.35750094,0.40284628
e95e9f1bef4f6fe5,0.24179761,0.29998317,0.20793985,0.31629452,0.35157093,0.3241758,0.49341896,0.31848797,0.61285245,0.4921232,0.56981397,0.32757884,0.31452233,0.33100772,0.36493638,0.38107413
4eb1473ff4ba7a0f,0.682197,0.30109364,0.16768858,0.26679,0.3237056,0.3591304,0.26501068,0.32310477,0.71779686,0.500848,0.42754373,0.23861262,0.25061244,0.38120645,0.3240803,0.38163218
53cea9f354dc242e,0.8490591,0.4101529,0.2823435,0.32599524,0.40692297,0.6548558,0.21968026,0.26478156,0.28264463,0.25856265,0.3040944,0.2253054,0.3106203,0.36530474,0.32206866,0.3267585
7117f0d171a1dbac,0.44364518,0.37492272,0.25787607,0.36252913,0.36409077,0.391634,0.4048348,0.31317762,0.41275078,0.4533676,0.49586046,0.34689006,0.45979556,0.4858542,0.44660002,0.43554786
3cfa3eeac4544a98,0.80048114,0.36099842,0.20762067,0.26011786,0.42883343,0.46542138,0.29132107,0.2383895,0.3096814,0.34095147,0.60418904,0.23366833,0.2933401,0.36669138,0.31721374,0.38330495
05da5965dcf826aa,0.82559806,0.39754766,0.27985373,0.32106122,0.36235556,0.46386874,0.26948687,0.26410228,0.311186,0.2694073,0.39849558,0.21400122,0.27226767,0.34179106,0.28576735,0.32908273
699ff8c68c98ba5a,0.8144208,0.42665303,0.30875117,0.34755874,0.3832733,0.5738398,0.2631599,0.2616609,0.29768595,0.2755039,0.38731763,0.22424842,0.2804667,0.36114028,0.31032208,0.3267585
647c20c342187c5a,0.83012044,0.36064002,0.26777643,0.30850777,0.32599524,0.48085445,0.25561136,0.24428505,0.30923027,0.30803224,0.5576731,0.25658837,0.27520502,0.36625817,0.3015561,0.33352625
cf01cb7292bb9a02,0.3725164,0.32280046,0.22462827,0.31629452,0.31964982,0.3237003,0.34131315,0.39826792,0.5879131,0.4726914,0.5479352,0.26907378,0.32296363,0.41220558,0.3604608,0.36995685
bf398782e3d2c13f,0.3056486,0.32991987,0.22592995,0.32573116,0.3108108,0.32892263,0.44123295,0.46714538,0.6700492,0.27209756,0.59222424,0.30161104,0.29077768,0.4048752,0.33046642,0.43501255
5d149cf1131e73f8,0.40472317,0.36743805,0.27105471,0.37499574,0.34179106,0.3927231,0.37635815,0.28013,0.3752659,0.49145442,0.5476001,0.32175213,0.40116474,0.48155174,0.42509624,0.4177641
3a29a60c7b30b19f,0.7849696,0.35219738,0.1885532,0.28947368,0.31912035,0.3591304,0.2896135,0.28664708,0.5148092,0.2834875,0.6096774,0.25686118,0.25276506,0.3903226,0.28081787,0.3881253
63d54f663c769495,0.86013997,0.34760073,0.31633157,0.32388186,0.37292218,0.565045,0.21434477,0.2553166,0.2560462,0.25073344,0.32559028,0.2095673,0.3185845,0.37404564,0.3184974,0.35115328
77320bd516fe15e3,0.41973585,0.28324753,0.23128623,0.28590044,0.28223276,0.33799392,0.36480126,0.67013395,0.5288264,0.47781336,0.47184893,0.33006492,0.27288586,0.38206786,0.3468786,0.37473297
5e842edb7dff01b7,0.38898602,0.37527835,0.21918184,0.3268753,0.3192968,0.3747385,0.37619963,0.46614203,0.50105053,0.5762233,0.5419098,0.2714233,0.34650362,0.48039216,0.37918606,0.39034405
4fd752c1b0e8b0f9,0.81048626,0.34985536,0.2968602,0.2829488,0.43457696,0.47675547,0.27164954,0.23181053,0.22915392,0.27593032,0.6463381,0.19741125,0.30609852,0.43018603,0.30783483,0.37846678
63d0498ae9bc2f9b,0.5497383,0.3613568,0.82751346,0.53529334,0.31240407,0.41950876,0.28589028,0.2651894,0.33953205,0.21290974,0.30758777,0.2714233,0.23297346,0.3223837,0.33828247,0.31184596
074544c0b7b51e03,0.8331326,0.3681521,0.25990173,0.32458645,0.42222926,0.51004946,0.2628515,0.2572018,0.31495228,0.25324473,0.369788,0.24992849,0.2961373,0.38206786,0.3176723,0.36535165
392592b8824ec748,0.38663712,0.32590708,0.25169164,0.32581913,0.34441435,0.3101312,0.3196788,0.2520937,0.35331905,0.6390137,0.66346353,0.24668244,0.36796433,0.39255366,0.47004756,0.34303936
fd72a5170d751357,0.72788686,0.3466077,0.2731095,0.35662103,0.34301558,0.45138532,0.28713095,0.30477086,0.34274057,0.52392876,0.47493953,0.28031716,0.39383444,0.37680873,0.47240943,0.36309013
1e037c01ba09907c,0.37453654,0.35866752,0.2684585,0.33758828,0.35662103,0.33978269,0.312805,0.35143197,0.34396425,0.7073463,0.52491575,0.27934062,0.48559797,0.4293407,0.50978124,0.43000552
0b5888be4d739d3c,0.71922356,0.36475754,0.25169164,0.29740664,0.30859634,0.43174502,0.32954115,0.3137503,0.383831,0.26954874,0.56880003,0.39015493,0.28728607,0.3995774,0.28558078,0.35552374
1ec8e460157a6b22,0.42123416,0.31069025,0.22203067,0.321943,0.32643533,0.36061534,0.39033324,0.30562237,0.30202588,0.4807962,0.69628215,0.30232367,0.33110884,0.4636008,0.36672363,0.38126016
62c4fcbace28c4cf,0.35860184,0.35093662,0.2742073,0.29018775,0.340741,0.32446107,0.3461889,0.2867862,0.41370076,0.65542674,0.52226037,0.35285765,0.30609852,0.3133772,0.56216353,0.41141772
7d13ea6c5504aee6,0.44662428,0.33882654,0.21235563,0.31293494,0.33425617,0.30734473,0.28162828,0.3509852,0.70539796,0.4010532,0.4535475,0.25413677,0.32124272,0.43929717,0.3713623,0.42353925
1e0d0d6e8068a673,0.43120936,0.3466077,0.2627452,0.32740322,0.36166117,0.3725322,0.3011149,0.2845622,0.36071098,0.77488905,0.48832175,0.23928264,0.34697577,0.41713738,0.458022,0.40138167
dc5ed3abba0bae02,0.841254,0.36404216,0.24408574,0.3035403,0.3832733,0.52879214,0.2511505,0.27009735,0.33495736,0.3110969,0.40703154,0.21139064,0.31186855,0.4096509,0.33619532,0.37949178
f6018404d70a0adf,0.3993725,0.3068206,0.29643825,0.341966,0.34912947,0.37822506,0.3457168,0.25035265,0.2920134,0.5940913,0.57455117,0.25454497,0.47649205,0.2941116,0.64617616,0.4199328
dcbcda02a60153b6,0.33929896,0.27894676,0.18344578,0.2565946,0.2904555,0.30272105,0.35154313,0.32716283,0.477557,0.6438439,0.52159697,0.37599692,0.3140539,0.36339682,0.4955253,0.39034405
27d1f3e7da6bb6f1,0.46659586,0.29358536,0.19350173,0.2908124,0.27838063,0.37904957,0.35564226,0.5550828,0.68909514,0.29454687,0.48586833,0.36655974,0.26038533,0.37171182,0.26890498,0.3679852
e4f797667f768c2a,0.5332422,0.3892723,0.36947316,0.3922106,0.4167976,0.5063706,0.30204883,0.392348,0.39918265,0.52632654,0.4345794,0.28241286,0.3600613,0.5289638,0.4491635,0.39550656
3e6673f340b63603,0.8065478,0.4178136,0.31489667,0.33162257,0.29589322,0.407526,0.28000215,0.25639337,0.26595095,0.32077625,0.56238765,0.2188489,0.29893643,0.4026549,0.2849278,0.33564615
d81dbfa269e1600b,0.8065478,0.39649335,0.3773959,0.3360105,0.4164577,0.5010022,0.23917665,0.2557875,0.30232558,0.35916668,0.33833402,0.20852692,0.31624046,0.41492778,0.33810106,0.35020122
273d01a40af492b9,0.5051129,0.33028418,0.29377052,0.2988302,0.31328878,0.3366745,0.34744802,0.31403676,0.35839808,0.43271092,0.7180358,0.26000318,0.3132733,0.44384038,0.341273,0.36393863
0937fd32dd6ee82a,0.3730215,0.29293507,0.25035265,0.25785995,0.3150573,0.31989062,0.3990918,0.41322395,0.46031252,0.5407996,0.7180358,0.23500226,0.29101056,0.38051713,0.3222517,0.32501268
3832a0123048bda4,0.28266522,0.3270023,0.2879002,0.32757917,0.33267632,0.40050456,0.5727778,0.32426244,0.24444441,0.34814715,0.6987692,0.27627757,0.39654198,0.3995774,0.3066361,0.42515886
91bd8216a02c0cb1,0.7037072,0.36618766,0.20500802,0.321943,0.36409077,0.4145132,0.25468805,0.27544376,0.5917044,0.40575457,0.39628753,0.25114846,0.29178694,0.46860003,0.31069025,0.40101522
3658bbdf285ec869,0.76235586,0.3574112,0.32151517,0.398893,0.33267632,0.49476886,0.28124106,0.28999254,0.2739108,0.31563425,0.5667733,0.38090035,0.36685693,0.42815688,0.33146796,0.38181818
ed7a81c8d215e5a3,0.3510774,0.27275905,0.2960165,0.28768766,0.33539665,0.353269,0.48706332,0.25572026,0.24844988,0.36265785,0.78293496,0.2578164,0.2764425,0.3348703,0.32124513,0.34217736
13f4aedaf814587e,0.44331408,0.34389704,0.33650368,0.31072226,0.34179106,0.37262413,0.3779439,0.27105471,0.27494502,0.56243986,0.61862123,0.3230603,0.31702167,0.3200027,0.5048211,0.42119622
8762139fd17ef059,0.7992667,0.3795409,0.25477862,0.34930393,0.35992426,0.45225582,0.24800009,0.26139006,0.36549944,0.33781573,0.49389163,0.2199002,0.35769334,0.48668072,0.3400049,0.3679852
64a013dfc079b0e8,0.34108052,0.32334906,0.34652895,0.3065574,0.28643677,0.38124606,0.5518869,0.25558564,0.35331905,0.26291758,0.6543624,0.4833879,0.30095923,0.32273632,0.29627693,0.37173817
c7ea7cd792b9449f,0.7992667,0.34516257,0.42374814,0.43035504,0.35052484,0.56840974,0.22586302,0.336357,0.33968467,0.31812924,0.40165362,0.26137236,0.32781747,0.46926594,0.3435354,0.3354536
25ecdf8e2ccfe94d,0.4035533,0.33155897,0.29996005,0.31125346,0.28643677,0.39072573,0.3355014,0.20310113,0.3106592,0.22288951,0.33218402,0.8820286,0.3362863,0.26796034,0.30340496,0.38404766
9c6e3ac7a84045e9,0.7574496,0.6536423,0.27338383,0.3923821,0.33214948,0.45486403,0.28263524,0.21931113,0.32114455,0.30003995,0.5315664,0.19458774,0.40387708,0.41526783,0.31142643,0.37809393
3ef01cb83e4e5889,0.41940284,0.31216228,0.24941659,0.30442807,0.32581913,0.33223635,0.36622435,0.26315206,0.29903182,0.5529752,0.74250156,0.21341327,0.32844418,0.4436723,0.39138868,0.32559487
7d85e7545ca9617c,0.8634285,0.42024443,0.3037784,0.28250128,0.38017237,0.50167435,0.22120596,0.2908308,0.34641373,0.2429524,0.33233765,0.23034135,0.25976905,0.35505483,0.31188637,0.3647866
b45b33c020d54b50,0.36358264,0.30645162,0.23351648,0.2762281,0.36669138,0.3000173,0.37081316,0.30875117,0.33953205,0.7945169,0.6096774,0.18584786,0.32139912,0.378103,0.4958581,0.34581324
c1fe0b68235b0a36,0.43850952,0.30718946,0.36962488,0.2985634,0.32361752,0.40014362,0.46303236,0.23548889,0.2099043,0.37150264,0.7671978,0.28689808,0.30945036,0.36565146,0.34642717,0.37958485
aa4ce215717d6127,0.29305738,0.31721374,0.19828847,0.2938443,0.3035403,0.34175718,0.3890608,0.40328062,0.5368786,0.43431345,0.56846213,0.37492722,0.3617987,0.44047576,0.35543528,0.38923517
9f412c24487cbf85,0.844558,0.40526113,0.41433495,0.345987,0.4040215,0.5636004,0.22953135,0.2446174,0.2653626,0.22883366,0.28760785,0.22967723,0.30267158,0.3644377,0.3191389,0.33439386
c54e7eda6a1a3736,0.45026258,0.31151843,0.30066597,0.41033235,0.35836005,0.49121866,0.37651676,0.3124623,0.34978667,0.2747935,0.70446295,0.28143433,0.37445617,0.47740787,0.3295554,0.3596906
569da596a8289d33,0.37773314,0.31022996,0.6199515,0.33583504,0.30114186,0.41147172,0.5066503,0.2887366,0.24364436,0.2887898,0.73780656,0.29904956,0.25538054,0.4162878,0.30617484,0.3259829
5e96b4ef725fd3c0,0.75898355,0.3846784,0.31489667,0.30114186,0.43575782,0.4202209,0.27265406,0.23279436,0.23812531,0.35886362,0.68211555,0.18966596,0.2724222,0.37378642,0.36734873,0.35647184
58447a088b8e5eac,0.8077601,0.3574112,0.21145786,0.3003419,0.35514185,0.44894508,0.28279018,0.24874853,0.30938065,0.30512023,0.6789387,0.2155054,0.25976905,0.4086283,0.2868862,0.34045163
505d4b6142388a74,0.6492447,0.3104141,0.2739327,0.27847025,0.28393304,0.3670939,0.35406515,0.51719046,0.4173465,0.37272727,0.64912635,0.27989852,0.23779735,0.38051713,0.29859418,0.34265637
848c096d0f481dbe,0.84965885,0.37758845,0.25048652,0.30131963,0.45524666,0.4937554,0.2594609,0.21885867,0.29365382,0.22043811,0.34233984,0.2227969,0.29675913,0.32916215,0.30820355,0.3560927
6392abeff7d5dd28,0.7995704,0.32718483,0.1913686,0.28563225,0.459093,0.6121786,0.26886913,0.2622029,0.32326338,0.29555696,0.47331238,0.25918257,0.34194198,0.3827567,0.3390985,0.35048693
943938ba4845e808,0.7700099,0.37385526,0.24568173,0.28062093,0.3884332,0.45364738,0.2863555,0.25464422,0.2940268,0.3504039,0.49421966,0.24371597,0.2724995,0.39666748,0.3297376,0.36817306
2e87262944c777f8,0.529189,0.3837937,0.31074765,0.371193,0.35157093,0.4349199,0.29940313,0.28026822,0.42991853,0.34679496,0.4453315,0.3617213,0.43608248,0.49476647,0.39455876,0.39826378
fd8192b6d1581e35,0.8472593,0.4503585,0.42230648,0.3946114,0.35975054,0.5972249,0.22784963,0.24874853,0.28635707,0.24669799,0.29077536,0.23647153,0.28100875,0.36521804,0.32426304,0.33824328
14831913d99a495c,0.7971407,0.3604608,0.25572026,0.32176667,0.40043268,0.49510655,0.2961373,0.2790253,0.22432363,0.31563425,0.6327887,0.2449284,0.32484183,0.42544883,0.3505763,0.37510678
2bdbf6ce1951ee64,0.7776494,0.3361045,0.28817895,0.3133772,0.32564312,0.46093118,0.25576526,0.39561513,0.4012279,0.3528154,0.44115356,0.4572327,0.2933401,0.34441435,0.317122,0.33920386
33982b868f27844c,0.7092999,0.33592293,0.30761227,0.32581913,0.32740322,0.36413586,0.32171202,0.23878574,0.30172634,0.4731862,0.72018534,0.2021137,0.2942723,0.39581102,0.332287,0.3305333
60e3875475abfd57,0.6087122,0.80546415,0.2747566,0.37335438,0.34056592,0.40985888,0.3181156,0.26233843,0.32250643,0.30599314,0.3657366,0.22490887,0.3057869,0.34082848,0.33183205,0.374359
92e65270c274a83b,0.7161251,0.31133437,0.38615468,0.4076053,0.4569197,0.60907704,0.23779735,0.371752,0.37060928,0.2988816,0.51960784,0.2410268,0.2905448,0.4759144,0.3213367,0.3298566
e29fc7f7c64a83c6,0.8265029,0.38909587,0.3687147,0.34222844,0.41543788,0.5901575,0.25499576,0.24808094,0.24429893,0.25310504,0.39171976,0.20976253,0.30703363,0.38585457,0.32362327,0.34991547
8a103a8128f9b3e4,0.40656096,0.34317353,0.24541552,0.30779865,0.33390525,0.3365802,0.341156,0.3646293,0.37619853,0.48844847,0.6296721,0.2953607,0.36495933,0.52440935,0.39315048,0.3719256
2f65fe62b2cedb9a,0.4713682,0.35938507,0.27847332,0.32722726,0.37326792,0.39181554,0.38731188,0.29911363,0.37993327,0.37656152,0.59120125,0.32553577,0.37429774,0.35983744,0.3996546,0.42785373
63e711e1250f469d,0.47235495,0.32627225,0.21944045,0.31284642,0.3500017,0.34841323,0.31218067,0.28165123,0.35132173,0.69535065,0.65960914,0.21315202,0.40084583,0.5278259,0.50465566,0.3938494
70c8e0d7be7dbc33,0.5015222,0.38042766,0.2609839,0.36166117,0.341091,0.3817032,0.27829933,0.2845622,0.4723359,0.43383253,0.4310591,0.35360593,0.41170502,0.57405245,0.40666014,0.38423333
41f5f5dcc29dd849,0.8340358,0.3971963,0.25949624,0.3353089,0.3851665,0.54712015,0.27087703,0.28414577,0.27960563,0.26319903,0.61586595,0.20179087,0.2697957,0.412546,0.32362327,0.37398487
c4b1dde7303fc667,0.47679234,0.37474486,0.26044264,0.36096653,0.35313925,0.37170392,0.32860085,0.348606,0.47021866,0.45190492,0.43586084,0.33534923,0.423555,0.57101876,0.40543613,0.38757002
36fb2b90d086618e,0.38344732,0.3592057,0.24302326,0.355577,0.28759837,0.36792475,0.40403667,0.41847217,0.6090234,0.30453864,0.46535507,0.36157048,0.37303025,0.4115246,0.315103,0.39126745
a583bc50a6a5901c,0.716435,0.38821316,0.5101911,0.46493492,0.32441032,0.44999138,0.26717097,0.3182001,0.38726717,0.26517114,0.4018116,0.2847932,0.3132733,0.50479597,0.30460575,0.3365124
a99b04b8448d7a23,0.6734357,0.38290846,0.8027915,0.4782372,0.34633633,0.42555133,0.25976905,0.23786144,0.27022168,0.21521091,0.29712296,0.30589432,0.24278043,0.3199145,0.34443945,0.32801798
f6a9799478aa43e4,0.44016683,0.3265461,0.21338265,0.3284587,0.29009852,0.3759322,0.32405916,0.5309748,0.66826105,0.31827617,0.5037512,0.37111574,0.33487362,0.40350914,0.3066361,0.3721129
b19e7334a40dd7fb,0.5332422,0.40246004,0.33753088,0.382929,0.34231594,0.41469193,0.3104643,0.25949624,0.39023948,0.319158,0.45516157,0.4456027,0.44316608,0.46993148,0.38573954,0.3966102
1f1922455a814ca3,0.49874526,0.3056212,0.25585482,0.2815165,0.341091,0.33997086,0.32218134,0.24834791,0.30953103,0.59445095,0.7584549,0.20800713,0.24393123,0.4790662,0.35372707,0.33728194
deac0fecc96c3574,0.7343722,0.4486511,0.3678054,0.35783845,0.44199038,0.5003297,0.22250329,0.29111037,0.31254104,0.25765142,0.29349372,0.25904587,0.3242157,0.36998183,0.3478714,0.36101362
fa75cf8ce346a01d,0.3347993,0.34877345,0.21216318,0.30567035,0.31912035,0.34813258,0.3815933,0.3637238,0.42880142,0.43961534,0.60830426,0.3310904,0.37699243,0.50019723,0.37918606,0.38460442
cc9ab633560e07bb,0.37436828,0.33555964,0.3039201,0.33758828,0.3042505,0.3872692,0.38286343,0.4857154,0.5663284,0.41346925,0.46632808,0.335938,0.41698524,0.418666,0.38980162,0.44
5087284121931878,0.7834457,0.31886402,0.25801092,0.29509163,0.338552,0.37886643,0.28395241,0.21776083,0.23986647,0.47450668,0.7055319,0.17335288,0.28790656,0.3755139,0.33773822,0.34045163
da3da10acd4c349e,0.49988893,0.29135492,0.20698273,0.28473806,0.36114028,0.3735438,0.29707012,0.37816107,0.57418317,0.5042184,0.66101,0.26041374,0.23067838,0.4178169,0.3328328,0.34629086
24bb6455cd77ab69,0.4378464,0.33137688,0.24435149,0.32669935,0.29277462,0.41843975,0.33001137,0.40879244,0.49725392,0.27223933,0.44243824,0.49354625,0.3416276,0.39837962,0.31151843,0.38107413
cb820cdfbd51daf0,0.57596385,0.40788332,0.3097489,0.3389899,0.3860266,0.5135519,0.29147637,0.38769934,0.33465272,0.3523629,0.29818252,0.4877787,0.41506433,0.37067395,0.4464291,0.44549924
25da7a9ae21d9e23,0.7359148,0.36717016,0.23898394,0.31912035,0.67578757,0.5926746,0.2394066,0.23509407,0.31646082,0.24801853,0.31931984,0.21047859,0.30438474,0.35270372,0.33746603,0.37379783
23a52c12b8b86fd5,0.5844555,0.33501458,0.49908853,0.40350914,0.38378978,0.43509603,0.3142101,0.30960628,0.316159,0.3433456,0.57218146,0.29323855,0.3093724,0.4647682,0.332196,0.34514418
3b4f557612d9fc20,0.48778328,0.34850287,0.39483628,0.41458762,0.45775583,0.6446175,0.36954677,0.3735789,0.3656541,0.24829668,0.55095327,0.4404005,0.30500785,0.40197134,0.3104141,0.36948764
41d3b3f97f27d589,0.44579703,0.35525548,0.22893079,0.327931,0.36582485,0.41379812,0.3273475,0.34209317,0.4462658,0.5606823,0.43441933,0.3089032,0.36164066,0.5454842,0.47122887,0.4004654
2100de66449a4880,0.80927485,0.36296847,0.22658142,0.30469432,0.30389544,0.4764134,0.25622705,0.25706702,0.30547473,0.41789746,0.54391664,0.20398802,0.2986253,0.40982124,0.30930915,0.33005
2083058b17bb9431,0.6655972,0.38503218,0.44906995,0.38568255,0.34476385,0.44492707,0.29038957,0.38461235,0.36874968,0.23894168,0.35982743,0.46135685,0.3188972,0.46009544,0.2968333,0.34380516
2fe3b32630e5d8ec,0.45637435,0.30100113,0.22521378,0.29473528,0.31691292,0.36172798,0.3333045,0.33606377,0.4960998,0.6056447,0.6213795,0.24870999,0.28666568,0.3774129,0.32316616,0.34810448
343da92639f0c008,0.8550526,0.35570484,0.34830898,0.33127126,0.3192968,0.5557083,0.22532834,0.4782472,0.32538444,0.22637054,0.3409525,0.29606912,0.27659714,0.39426857,0.29200575,0.34016377
3a2c2ad87688798e,0.85265625,0.36833063,0.26600558,0.32757917,0.37387285,0.57000905,0.23174925,0.31676242,0.29499692,0.28434584,0.43586084,0.22835045,0.29878092,0.413567,0.3154702,0.3338155
200449751f09172b,0.77948064,0.36886603,0.22293898,0.30567035,0.33986562,0.3899987,0.29497156,0.28553453,0.47201005,0.35886362,0.5759063,0.21602912,0.2537649,0.37654984,0.30368218,0.34819984
bcaddfd1f5e15318,0.5369677,0.39059532,0.79106826,0.60134655,0.35226813,0.4747016,0.28527007,0.23404202,0.3849237,0.21805939,0.3151995,0.2933799,0.23236132,0.31346568,0.3476909,0.33014667
d5ed74794f80a315,0.733755,0.43648192,0.37984666,0.35505483,0.43204468,0.4680054,0.2292255,0.2985497,0.29551947,0.25702098,0.29924253,0.2654909,0.32405916,0.35905543,0.34434915,0.36817306
db5c3168a8fdfbff,0.44563147,0.36761653,0.37479874,0.30886215,0.29268542,0.4205769,0.32358962,0.2714653,0.34656686,0.22958726,0.3409525,0.81381583,0.32985464,0.280173,0.32316616,0.38757002
f7553be52d191469,0.70588315,0.37705562,0.6815069,0.53383416,0.37378642,0.61155885,0.2454662,0.2932099,0.2816064,0.2014004,0.330649,0.2538647,0.2631599,0.38963574,0.30442107,0.3259829
91cf47dc5d90415d,0.62142164,0.41067627,0.29391074,0.3344317,0.35122234,0.41003814,0.283875,0.34920022,0.37775382,0.42775506,0.5186139,0.29990268,0.49945772,0.56397897,0.40613562,0.42605782
1e6f6dda3e0f8349,0.5160295,0.44129086,0.34371725,0.3529651,0.33320308,0.37501407,0.38302216,0.3678054,0.48115414,0.37226793,0.4382652,0.38490093,0.36638248,0.43086204,0.38414758,0.41359714
b9f89f78f3e92c3e,0.8433569,0.36922282,0.27352098,0.3098367,0.45340502,0.5557083,0.21952768,0.2490157,0.30292505,0.23825154,0.30212218,0.22345643,0.27953765,0.3303927,0.3135413,0.33159614
30fa0b616551fb82,0.36341387,0.3139089,0.23865364,0.30638,0.2725468,0.3580158,0.39686054,0.50497204,0.57418317,0.3757938,0.52391964,0.3533066,0.38524592,0.42290747,0.3624314,0.41559172
3260b6cf90e74da9,0.7977482,0.314552,0.2094733,0.2652587,0.3673845,0.384717,0.25792065,0.20399049,0.24888733,0.3606835,0.71946865,0.19985627,0.25214994,0.39906412,0.31556204,0.3267585
699e96e8824636c3,0.39585733,0.31730554,0.19961569,0.311165,0.3178844,0.31291252,0.3187408,0.42262664,0.62018156,0.41900685,0.58575255,0.26260617,0.31842822,0.47508425,0.33891723,0.38905022
9ec3ee0a68f3a209,0.34684435,0.3195054,0.21905258,0.29802954,0.30797598,0.3453233,0.41986823,0.3643274,0.48082688,0.41346925,0.62621355,0.41744852,0.31186855,0.3872302,0.3449818,0.3962424
15b992a50df56793,0.75959694,0.31721374,0.19381584,0.28920585,0.4142475,0.5137184,0.31702167,0.2412994,0.28027233,0.26651105,0.6835288,0.2418328,0.28806174,0.3959823,0.28921497,0.36120263
052cb913d27f4967,0.7785651,0.42561537,0.3735789,0.40879872,0.3365365,0.45954672,0.27458647,0.2985497,0.390083,0.25198847,0.369788,0.26783213,0.29194218,0.43069306,0.29395685,0.34380516
47047a7a9fb2a9fb,0.3980337,0.3244458,0.2975638,0.29535887,0.37084693,0.36070806,0.3239026,0.33342868,0.33876887,0.7879463,0.556664,0.24075823,0.31467855,0.36634484,0.5175244,0.3540052
34be5c18a744b807,0.40020892,0.27932116,0.2642381,0.2884022,0.2720076,0.38033122,0.34634626,0.7112856,0.517805,0.47797894,0.49094132,0.34317735,0.23580587,0.3813788,0.32727605,0.3427521
1ec6d3f3e7152095,0.5788498,0.34985536,0.24209464,0.31938508,0.31629452,0.36598533,0.30018112,0.3821497,0.69668794,0.39886475,0.4022857,0.28971127,0.30703363,0.4115246,0.3351963,0.37473297
312a8dcc5dc2d87b,0.45323703,0.3437162,0.21075316,0.33355415,0.31647122,0.3651533,0.29295173,0.4581506,0.7744733,0.37364653,0.3852764,0.2469525,0.2718041,0.36842376,0.31087434,0.39219013
658cfb7efe3119b2,0.8150258,0.33255994,0.22430316,0.2835752,0.40385064,0.48426104,0.28573522,0.2502189,0.33328256,0.35523134,0.6393809,0.21858627,0.28914788,0.4048752,0.30949333,0.3657282
75d2626aabfe6b2d,0.5225333,0.34281164,0.24229355,0.3302169,0.30176392,0.36995384,0.3093724,0.25088805,0.3009775,0.64831674,0.6571594,0.21419728,0.4698379,0.53318524,0.42371133,0.37548056
a6edab47f9dffad6,0.3758828,0.3151948,0.26914102,0.30149734,0.287509,0.39054406,0.44332716,0.25135666,0.39682537,0.2218675,0.41559717,0.820479,0.28558013,0.28088963,0.28418118,0.35760874
6037f83549e95328,0.35564438,0.3545364,0.27448192,0.29794052,0.33811405,0.37510586,0.3380136,0.40390903,0.383831,0.49178874,0.6059029,0.2892888,0.4125046,0.5116782,0.40631047,0.40321216
f5d26e6e2ed1f4d9,0.53000003,0.37971833,0.3009485,0.3762046,0.35922918,0.41683477,0.3195225,0.304629,0.44369286,0.38488156,0.42371455,0.35885888,0.4497775,0.50430363,0.40666014,0.39366516
f70f31081af39152,0.83493876,0.3834396,0.3404718,0.36304978,0.33408073,0.51205194,0.25899878,0.31978416,0.32311192,0.25170943,0.36838478,0.23807693,0.31155643,0.4340707,0.28995958,0.3395879
ff1d32e8078fb24a,0.62807846,0.79627556,0.2823435,0.3922106,0.38430613,0.43896633,0.3037617,0.27228704,0.31465068,0.27721044,0.34928882,0.23700641,0.30158183,0.34581226,0.34036723,0.38051587
2330a32651ffc819,0.34099576,0.30451342,0.2178899,0.3130234,0.33478257,0.338559,0.3608509,0.3093212,0.36472633,0.6041955,0.5156343,0.3297722,0.39399365,0.3772403,0.66651684,0.4467378
ee31f5143ce88db2,0.7244857,0.36618766,0.37053588,0.3360105,0.30149734,0.530274,0.24431494,0.69052356,0.33252183,0.24669799,0.3040944,0.40324572,0.28527007,0.32537898,0.2991499,0.35200948
3812823a9af25dee,0.5959633,0.32827935,0.39733085,0.33355415,0.27218738,0.48698032,0.2522268,0.72774506,0.40563995,0.25387332,0.3300353,0.3656509,0.29940313,0.32203117,0.28109837,0.3562823
f7db7a5ad930eb7a,0.43469515,0.3351963,0.30186728,0.2820537,0.33583504,0.3504696,0.3461889,0.4535176,0.39651135,0.5418391,0.7162459,0.21295613,0.29458308,0.4677676,0.3523774,0.35191435
4faa8228bd0d8d0d,0.47284827,0.3574112,0.25693226,0.28991997,0.3545325,0.3779501,0.35706213,0.3523261,0.36782047,0.701917,0.61586595,0.26769426,0.300648,0.46893305,0.4118968,0.39477035
fc5f1350bcfdc755,0.8343369,0.3658302,0.26044264,0.33723775,0.33688712,0.5360217,0.23060188,0.2786113,0.37573215,0.28434584,0.39124772,0.22424842,0.30609852,0.4196846,0.3022959,0.35124844
51d802b6b337c06f,0.3763875,0.2896804,0.21299736,0.3487805,0.3006975,0.38042277,0.37271348,0.2856736,0.47853744,0.4049698,0.6366031,0.31077012,0.46367997,0.4052166,0.35003564,0.3715508
1c8c8d076f29601d,0.731594,0.35093662,0.49015403,0.4040215,0.37516853,0.4662833,0.2492292,0.2923695,0.3447293,0.25849256,0.5392365,0.22954449,0.27134052,0.4007746,0.30423635,0.31800655
e36395f5b989eba0,0.34345484,0.29887208,0.2299769,0.30797598,0.31726623,0.31769556,0.4048348,0.3039201,0.44546148,0.33438995,0.7241308,0.29267335,0.3157718,0.44720057,0.34045786,0.35048693
a7a6e78d0763741f,0.30949566,0.29813096,0.22034618,0.29108006,0.2687703,0.3867227,0.50386995,0.40626898,0.50584745,0.3004746,0.51894516,0.574575,0.31077626,0.32132575,0.28464782,0.36742127
8a64a8b0f1b2ef71,0.45901453,0.3328328,0.24794748,0.3779305,0.3389899,0.447898,0.3819107,0.33138415,0.43183503,0.32490447,0.5711665,0.32757884,0.4489707,0.40726414,0.38662335,0.4152293
515c79fc06f54321,0.77734405,0.3502159,0.3265821,0.31823757,0.33285195,0.46265996,0.24162993,0.21531156,0.24248114,0.48328686,0.6217245,0.2014682,0.37524864,0.38671443,0.4282085,0.33977994
85e397b6e14994e5,0.45983928,0.34118244,0.2562587,0.29535887,0.38206786,0.39308602,0.31015226,0.3193519,0.43407315,0.7692115,0.53689957,0.26123533,0.29691467,0.38877684,0.44882187,0.37398487
3fb1bf2c14f218f4,0.8041222,0.40788332,0.3009485,0.341616,0.3367995,0.4939245,0.2941169,0.23364784,0.2644804,0.2990263,0.45128936,0.2533209,0.32249418,0.3818956,0.31133437,0.34093127
8b46cec6c356512f,0.41040102,0.2919128,0.25088805,0.2711088,0.27218738,0.37335995,0.43142036,0.43454581,0.48935273,0.25303525,0.4793379,0.7071906,0.24047978,0.2632757,0.28025672,0.36233547
227c05b3e614d3ff,0.42306474,0.32014653,0.22216035,0.2997196,0.31885555,0.33554265,0.3659081,0.36598924,0.4952758,0.36265785,0.6729487,0.3309438,0.28488246,0.42222926,0.32991987,0.37790737
e5549764291a01b5,0.7922767,0.34226874,0.24475035,0.31647122,0.3101024,0.46386874,0.25207302,0.32716283,0.3450355,0.30482936,0.45338613,0.2757216,0.3187408,0.4387918,0.29386398,0.35647184
7da3db49fd6850a2,0.42905015,0.36690226,0.2442186,0.4007746,0.32458645,0.40194768,0.30095923,0.336357,0.4642043,0.37150264,0.39124772,0.37035504,0.53406286,0.6451376,0.43166038,0.41758317
414b50ebbbd39890,0.38445485,0.30599034,0.25336805,0.27873918,0.25722733,0.36727864,0.38524592,0.33401364,0.44546148,0.23377436,0.34836116,0.82404673,0.29038957,0.2723671,0.27228948,0.34160233
83008eda1da25883,0.28593162,0.31400082,0.20316462,0.3067347,0.32441032,0.31979525,0.4312597,0.31964007,0.49956408,0.49245787,0.5894972,0.3123525,0.37382242,0.37378642,0.38007307,0.39513847
407539b1fafa7345,0.4025503,0.3784762,0.23430493,0.355577,0.35157093,0.37096724,0.3760411,0.3526244,0.48115414,0.5280417,0.51596516,0.3207358,0.40627182,0.4510591,0.41067627,0.41957164
a638c15decfe6a8b,0.4262247,0.31234625,0.23654258,0.2948244,0.3289863,0.29575858,0.34398624,0.3523261,0.3833629,0.58727515,0.70446295,0.22729024,0.3168654,0.4026549,0.4224986,0.36629277
f4512144789d1fb0,0.38361523,0.32362327,0.2627452,0.29000926,0.35130945,0.37556508,0.37429774,0.35053864,0.3074267,0.752705,0.5837123,0.22874829,0.39240175,0.43710673,0.42993528,0.40193114
3e9214cbe1b3229a,0.43353355,0.31197837,0.23634493,0.28858083,0.32617128,0.4349199,0.33001137,0.29111037,0.368285,0.28177255,0.3489796,0.7831687,0.28604528,0.25460505,0.33828247,0.3881253
da303e2cb29fe962,0.4721905,0.29228458,0.33650368,0.31920853,0.35905543,0.38908944,0.32844418,0.38878208,0.40784955,0.33543167,0.64912635,0.29126173,0.28519252,0.4544097,0.33791962,0.350106
612a9305f86622ac,0.39133358,0.2801632,0.21447521,0.2736248,0.24445288,0.3443857,0.37968883,0.671347,0.52414364,0.38133153,0.45403162,0.39699233,0.2710315,0.3500017,0.28791118,0.35153392
c4883c589b6bfa52,0.42738837,0.32362327,0.24688055,0.36703798,0.35566404,0.36589295,0.33942738,0.26505345,0.39541236,0.4046561,0.47591624,0.3656509,0.6333812,0.41271624,0.5119264,0.44744498
003996fdd4c57642,0.7269595,0.39561418,0.36644298,0.33863962,0.2942007,0.55845153,0.24753931,0.7087742,0.34029552,0.2487837,0.31901443,0.35900933,0.28325504,0.33337864,0.27698013,0.3305333
67d095cd07348b71,0.4010453,0.33146796,0.23766348,0.30398422,0.3545325,0.34232083,0.33377516,0.3725128,0.38461146,0.5592779,0.6487777,0.27114657,0.35374984,0.48965403,0.47712374,0.37772086
21b3dde382272ebc,0.36189485,0.2740733,0.30264542,0.2755102,0.30291873,0.29546773,0.45332956,0.23417349,0.26970574,0.5494857,0.7588186,0.27087,0.30703363,0.32300073,0.37064943,0.31966406
05dce2885e9539c0,0.42705593,0.33955175,0.22488847,0.32017916,0.31717792,0.3863582,0.34902263,0.5712162,0.5148092,0.40544063,0.3827666,0.33859158,0.32954115,0.44938222,0.36431047,0.40814176
c21907b3a2abe0ad,0.5729155,0.28315413,0.19011621,0.25894397,0.32282448,0.34138128,0.3494951,0.3835342,0.35963133,0.5435734,0.72054374,0.23921563,0.23220827,0.4488789,0.33119485,0.3213196
1d742471f0d47e5e,0.49939883,0.35435665,0.24688055,0.2940225,0.37430474,0.35308254,0.3153032,0.2739327,0.39541236,0.7447178,0.5860927,0.23627105,0.30142617,0.38551056,0.403686,0.3711759
5aa3d8ca61ca5a30,0.7055723,0.3636843,0.2278206,0.28259078,0.35662103,0.3616353,0.3665407,0.26193187,0.29858312,0.42584154,0.68565,0.22603273,0.29101056,0.42273787,0.3252679,0.35485953
82b9e17de89b73d1,0.4429829,0.30266565,0.21776083,0.3132003,0.30167505,0.30647886,0.30828083,0.28901556,0.5181382,0.3631139,0.66872877,0.28171387,0.36480126,0.46693474,0.35866752,0.37510678
7a9d526ea5c6e9b8,0.449436,0.35111684,0.20494436,0.32185483,0.36842376,0.36764786,0.38095838,0.33050925,0.45351937,0.64831674,0.5769231,0.25400075,0.3461889,0.4196846,0.44111925,0.40467474
4462b4df34517076,0.8457588,0.3363769,0.17534727,0.27972504,0.4697652,0.56183267,0.23994316,0.23194166,0.27125394,0.31548765,0.5833723,0.19522873,0.32077348,0.38413402,0.30811137,0.35334027
6c14d92e3409a92c,0.75100124,0.43493357,0.42102677,0.3734407,0.38551056,0.5152166,0.29536012,0.2856736,0.26293758,0.2589834,0.41020057,0.32947946,0.34855014,0.3994063,0.3312859,0.3527701
9a78b32c2904b1dd,0.5100045,0.30976963,0.26091623,0.26922017,0.31169608,0.35875896,0.38445157,0.38430423,0.46696547,0.32283872,0.6863574,0.29168501,0.26886913,0.41815662,0.3085721,0.3545748
4e7561457c5e05c9,0.88042504,0.34272122,0.21363962,0.28849152,0.4029966,0.54256105,0.2201379,0.24222723,0.2805687,0.23997773,0.3918771,0.20295344,0.2763651,0.33846438,0.30109364,0.3486767
915e4f25c4ec1524,0.57387835,0.3993036,0.34578824,0.39786613,0.3527909,0.44807264,0.3126489,0.29377052,0.3972966,0.32136518,0.42578802,0.3368218,0.4336704,0.4911394,0.3887428,0.4063182
7b89134dd3e6bbb7,0.47761357,0.40386114,0.26573342,0.35488072,0.3529651,0.386996,0.36053503,0.37312183,0.47674036,0.50624454,0.45274076,0.33387873,0.37398082,0.46526837,0.41346487,0.42371938
57615c85e1bd974a,0.4297146,0.3568725,0.31060493,0.36114028,0.31850243,0.3633028,0.29520467,0.42937425,0.47070706,0.3770224,0.44822815,0.33800128,0.42740554,0.57724184,0.39702058,0.39292786
1ddf7aaf2d8bd0cc,0.7040182,0.30580574,0.21466815,0.30229697,0.31541088,0.38945326,0.32280713,0.32774398,0.3839871,0.30774072,0.68211555,0.26294914,0.25153485,0.4274802,0.2823134,0.332658
c4166edba77986c1,0.31598502,0.3005385,0.29981887,0.31841412,0.34572494,0.4377361,0.4651376,0.33196783,0.3341959,0.54878885,0.6620613,0.27850434,0.3339321,0.41611776,0.35606414,0.39899808
c1744b0bd3febfe0,0.38680494,0.31638813,0.20711027,0.31717792,0.3269633,0.31022722,0.32452878,0.4186317,0.6254321,0.39496583,0.6045317,0.25713393,0.28914788,0.44535297,0.34036723,0.3814462
c3192d5e3d3bb961,0.25376126,0.32535923,0.19180736,0.32458645,0.3043393,0.35420096,0.45106882,0.44170022,0.44690952,0.5376857,0.45790815,0.39590156,0.38921982,0.3718848,0.43510568,0.48351422
1b351c8aa1027493,0.6141185,0.3660089,0.81737995,0.45892593,0.35148385,0.42217776,0.25822863,0.26982403,0.28353494,0.21270692,0.3007577,0.3310904,0.25007448,0.31841412,0.3391892,0.3138048
9a88a6f2986165dc,0.6296618,0.35615402,0.3123193,0.33706245,0.32247192,0.35289603,0.37271348,0.27338383,0.33724338,0.4129956,0.69521695,0.24398528,0.30033675,0.3959823,0.3244458,0.3521046
dfa7c5ce4a9d6a61,0.82076854,0.42578834,0.6149405,0.42426315,0.38224012,0.6081451,0.22334294,0.27215004,0.24269916,0.21081534,0.30743572,0.26852176,0.29722562,0.37309512,0.32837048,0.3298566
c5e8b98fe137ce53,0.5887746,0.40578586,0.2581459,0.32881045,0.52440935,0.46524894,0.34335715,0.2960165,0.3853922,0.28965172,0.53289866,0.4204706,0.33142242,0.35627303,0.31197837,0.4264172
5e75d8eec284a96e,0.40288466,0.3713623,0.27544376,0.3675577,0.32264814,0.3667245,0.35942972,0.33342868,0.4305571,0.4412261,0.50836575,0.3433256,0.5010913,0.5185415,0.4454026,0.42749473
9714ee5f42e69d17,0.5858957,0.36404216,0.573065,0.4355892,0.35313925,0.45573235,0.29675913,0.3900209,0.31178808,0.2967124,0.444206,0.5375831,0.31108835,0.40453377,0.371095,0.36129698
c96c04e6f4641f0a,0.5067441,0.3832626,0.2651894,0.3691163,0.34441435,0.39426464,0.27984732,0.28400704,0.47135845,0.43063045,0.4230769,0.3545046,0.41154513,0.58233625,0.41067627,0.38349065
768eaaa2fdb80275,0.359362,0.28250027,0.23023863,0.2890273,0.34441435,0.3208439,0.40547335,0.31174743,0.31872573,0.6961217,0.6418137,0.27822572,0.33408898,0.35783845,0.5066415,0.3910828
b7a412d273b625d0,0.3901599,0.28772488,0.2076845,0.26850036,0.3101024,0.33921802,0.36069292,0.3763256,0.45885494,0.7619426,0.48374414,0.337264,0.26547348,0.3122271,0.49386016,0.3793986
5d85704c130653d0,0.65837246,0.32791454,0.20564455,0.3019416,0.30043083,0.3299649,0.32860085,0.31618798,0.4065866,0.3718087,0.6652174,0.24358134,0.2622348,0.45089152,0.2723834,0.33082324
7829c45d5b78858f,0.5745202,0.44043303,0.28609067,0.39066598,0.32916215,0.37584043,0.3185845,0.3083239,0.44369286,0.39403173,0.4609813,0.32743275,0.45931023,0.5115146,0.39561418,0.42245838
27e2014a1a9ff2c1,0.48663628,0.3274585,0.7448737,0.4898191,0.3024746,0.3575511,0.2863555,0.3366504,0.40296006,0.26728743,0.33602598,0.35061586,0.26871476,0.35922918,0.35543528,0.31585845
3d5b1626a00821b1,0.591332,0.3290086,0.22177131,0.30265227,0.30007523,0.3593161,0.30158183,0.40974036,0.68332785,0.3747197,0.408774,0.3053222,0.29986992,0.39683872,0.315103,0.37080097
6f93e5726b8e43d6,0.4295485,0.3351963,0.27105471,0.3832733,0.31063375,0.41200897,0.300648,0.37938666,0.44144425,0.3110969,0.54692996,0.32670274,0.42435694,0.6448276,0.3675273,0.37248752
190af067822b9f79,0.78192115,0.35219738,0.2036092,0.2546955,0.4637677,0.4276779,0.25615007,0.25370374,0.29052335,0.37288043,0.6852963,0.1923475,0.29116577,0.41407737,0.3469689,0.35779816
922beb79502fd3bb,0.41206944,0.3083878,0.27283528,0.29108006,0.32652333,0.33808812,0.3499676,0.46915495,0.5201381,0.45109293,0.65995926,0.2508772,0.29644823,0.43103108,0.34190673,0.36139145
a43e1b40787205fb,0.4180704,0.29877943,0.24528249,0.26579928,0.2711088,0.34972218,0.36353672,0.44006976,0.5466496,0.46627447,0.40972492,0.43264288,0.27087703,0.33425617,0.3390985,0.3554288
5b59029aba70bc52,0.3141075,0.28119186,0.2442186,0.29838547,0.33460715,0.35289603,0.45381418,0.33357492,0.38695455,0.5467004,0.6487777,0.26219475,0.32202482,0.3937542,0.35812923,0.36760926
b065d1fd28b18028,0.38747618,0.30035344,0.27999184,0.28393304,0.29669458,0.37584043,0.38429275,0.33138415,0.43823618,0.31651428,0.40513209,0.7310406,0.32844418,0.29277462,0.34877345,0.3995485
5ec0c7eb6eeef738,0.3812634,0.31344947,0.2141537,0.33460715,0.3303927,0.35140336,0.4386569,0.40139788,0.57897854,0.4060686,0.55733675,0.31336072,0.32750416,0.39872187,0.34570467,0.39752916
2d52b470d8bd7901,0.5569951,0.31868076,0.19683714,0.2924179,0.28688353,0.4187961,0.3982948,0.34297866,0.44916412,0.2833445,0.5412412,0.516567,0.284805,0.36461112,0.27294683,0.3658223
6d3a2ac5956fcb47,0.3980337,0.3148275,0.3487545,0.28473806,0.32352942,0.36209863,0.43142036,0.2423598,0.2768671,0.573385,0.7309597,0.26893577,0.2829452,0.36235556,0.35192734,0.35618746
ba718aa4304ce258,0.47580662,0.36743805,0.25410667,0.34668562,0.3545325,0.38508186,0.3819107,0.41592416,0.4773937,0.47880697,0.410042,0.30489329,0.393516,0.48701125,0.42941746,0.4255185
d8529819f19e7bb3,0.8325304,0.33746603,0.2290615,0.29428983,0.35714284,0.43086186,0.27311775,0.23680618,0.27753288,0.28091592,0.59666175,0.20963235,0.27737078,0.40555805,0.2992425,0.33506832
49e9296442254425,0.3211864,0.30525205,0.17123389,0.2911693,0.26688007,0.34654135,0.4475188,0.34949756,0.6501054,0.31959912,0.48325416,0.51517946,0.3078131,0.3176195,0.29061085,0.35372028
eb290c45e242472c,0.43966973,0.3033126,0.26064557,0.27811167,0.2830383,0.37096724,0.36748973,0.41560608,0.44128373,0.2857777,0.38339376,0.7456561,0.283875,0.2826803,0.31758064,0.37809393
73b6c6af6a271dd0,0.7077472,0.3485931,0.45947814,0.4362637,0.54612976,0.67494786,0.2626973,0.28289765,0.277015,0.23508142,0.36900836,0.23780923,0.30921647,0.413567,0.3362861,0.35191435
ed06c2da14147dbc,0.7226292,0.33855447,0.21944045,0.30078644,0.34441435,0.3574581,0.33675733,0.25518206,0.3710745,0.32608643,0.70197046,0.24230324,0.27520502,0.41407737,0.30580574,0.35077256
d1e8655192eacf79,0.82046646,0.35561493,0.23496254,0.28929514,0.43929717,0.5997289,0.24408472,0.3623671,0.35193607,0.30453864,0.42339575,0.2399531,0.29800317,0.432889,0.32005498,0.36006874
22735b1b5b10f6b1,0.85654956,0.44026142,0.24030636,0.30859634,0.4767442,0.5992597,0.2385636,0.26125464,0.28442577,0.25170943,0.39628753,0.19850431,0.28976867,0.37568662,0.34045786,0.36873662
a98d47dc35aaf5e2,0.31521702,0.29358536,0.20005853,0.2766767,0.30318516,0.3098432,0.42564023,0.3684115,0.57144773,0.58691734,0.51795137,0.30775592,0.28658807,0.3527909,0.36975792,0.36271277
531ff50a8d149152,0.79379725,0.38361663,0.31031948,0.33741298,0.35244235,0.443877,0.26871476,0.2506203,0.2792353,0.3286015,0.6110513,0.22662821,0.3093724,0.39512557,0.3449818,0.3606358
a83bc104711ab783,0.4611585,0.30709726,0.26532537,0.3500017,0.36773092,0.38745132,0.25453416,0.2609839,0.3140477,0.3427467,0.45128936,0.32437015,0.769416,0.40333825,0.5001793,0.49207428
ebe0e82961f2b0c6,0.70821303,0.39174122,0.2490157,0.32423416,0.32476258,0.39670956,0.29038957,0.25343516,0.4084813,0.32092342,0.49783078,0.36157048,0.2894583,0.38774583,0.29877943,0.34533536
7a162f14f64673c1,0.38814723,0.30460575,0.25330096,0.3057591,0.35731673,0.3781334,0.44622856,0.2862297,0.36457175,0.30424792,0.7133845,0.3224787,0.2885272,0.33206174,0.3029429,0.36309013
f80773c804236f1c,0.8162355,0.3597437,0.31489667,0.34231594,0.34930393,0.52994484,0.26794276,0.39110622,0.2539982,0.25191867,0.47819683,0.42429993,0.29007912,0.4115246,0.31115037,0.34734115
d548d0af6078ba87,0.8385487,0.35597438,0.4024957,0.32757917,0.48618484,0.5526357,0.21922262,0.23325382,0.23110388,0.20973575,0.31184736,0.193115,0.27257675,0.35957676,0.314552,0.3496297
a550eca91f56433d,0.5132624,0.33037528,0.24123316,0.34686026,0.31735456,0.343072,0.2717268,0.253838,0.29395217,0.5599799,0.7066013,0.21204266,0.5452766,0.52164024,0.53990394,0.4095988
